id,name,data,producerName,macroCategories,producerName,macroCategories
0,Totale,"{'producerName': 'Unione Italiana delle Camere di Commercio Industria, Artigianato e Agricoltura', 'macroCategories': [{'id': '1', 'name': 'Altre Pubbliche Amministrazioni locali', 'subscribersCount': 2}, {'id': '12', 'name': 'Pubbliche Amministrazioni Centrali', 'subscribersCount': 3}, {'id': '3', 'name': 'Comuni', 'subscribersCount': 2}, {'id': '4', 'name': 'Enti Nazionali di Previdenza ed Assistenza Sociale', 'subscribersCount': 2}, {'id': '7', 'name': 'Regioni e Province Autonome', 'subscribersCount': 1}, {'id': '9', 'name': 'Stazioni Appaltanti e Gestori di pubblici servizi', 'subscribersCount': 2}]}","Unione Italiana delle Camere di Commercio Industria, Artigianato e Agricoltura","{'id': '1', 'name': 'Altre Pubbliche Amministrazioni locali', 'subscribersCount': 2}","Unione Italiana delle Camere di Commercio Industria, Artigianato e Agricoltura","[{'id': '1', 'name': 'Altre Pubbliche Amministrazioni locali', 'subscribersCount': 2}, {'id': '12', 'name': 'Pubbliche Amministrazioni Centrali', 'subscribersCount': 3}, {'id': '3', 'name': 'Comuni', 'subscribersCount': 2}, {'id': '4', 'name': 'Enti Nazionali di Previdenza ed Assistenza Sociale', 'subscribersCount': 2}, {'id': '7', 'name': 'Regioni e Province Autonome', 'subscribersCount': 1}, {'id': '9', 'name': 'Stazioni Appaltanti e Gestori di pubblici servizi', 'subscribersCount': 2}]"
0,Totale,"{'producerName': 'Unione Italiana delle Camere di Commercio Industria, Artigianato e Agricoltura', 'macroCategories': [{'id': '1', 'name': 'Altre Pubbliche Amministrazioni locali', 'subscribersCount': 2}, {'id': '12', 'name': 'Pubbliche Amministrazioni Centrali', 'subscribersCount': 3}, {'id': '3', 'name': 'Comuni', 'subscribersCount': 2}, {'id': '4', 'name': 'Enti Nazionali di Previdenza ed Assistenza Sociale', 'subscribersCount': 2}, {'id': '7', 'name': 'Regioni e Province Autonome', 'subscribersCount': 1}, {'id': '9', 'name': 'Stazioni Appaltanti e Gestori di pubblici servizi', 'subscribersCount': 2}]}","Unione Italiana delle Camere di Commercio Industria, Artigianato e Agricoltura","{'id': '12', 'name': 'Pubbliche Amministrazioni Centrali', 'subscribersCount': 3}","Unione Italiana delle Camere di Commercio Industria, Artigianato e Agricoltura","[{'id': '1', 'name': 'Altre Pubbliche Amministrazioni locali', 'subscribersCount': 2}, {'id': '12', 'name': 'Pubbliche Amministrazioni Centrali', 'subscribersCount': 3}, {'id': '3', 'name': 'Comuni', 'subscribersCount': 2}, {'id': '4', 'name': 'Enti Nazionali di Previdenza ed Assistenza Sociale', 'subscribersCount': 2}, {'id': '7', 'name': 'Regioni e Province Autonome', 'subscribersCount': 1}, {'id': '9', 'name': 'Stazioni Appaltanti e Gestori di pubblici servizi', 'subscribersCount': 2}]"
0,Totale,"{'producerName': 'Unione Italiana delle Camere di Commercio Industria, Artigianato e Agricoltura', 'macroCategories': [{'id': '1', 'name': 'Altre Pubbliche Amministrazioni locali', 'subscribersCount': 2}, {'id': '12', 'name': 'Pubbliche Amministrazioni Centrali', 'subscribersCount': 3}, {'id': '3', 'name': 'Comuni', 'subscribersCount': 2}, {'id': '4', 'name': 'Enti Nazionali di Previdenza ed Assistenza Sociale', 'subscribersCount': 2}, {'id': '7', 'name': 'Regioni e Province Autonome', 'subscribersCount': 1}, {'id': '9', 'name': 'Stazioni Appaltanti e Gestori di pubblici servizi', 'subscribersCount': 2}]}","Unione Italiana delle Camere di Commercio Industria, Artigianato e Agricoltura","{'id': '3', 'name': 'Comuni', 'subscribersCount': 2}","Unione Italiana delle Camere di Commercio Industria, Artigianato e Agricoltura","[{'id': '1', 'name': 'Altre Pubbliche Amministrazioni locali', 'subscribersCount': 2}, {'id': '12', 'name': 'Pubbliche Amministrazioni Centrali', 'subscribersCount': 3}, {'id': '3', 'name': 'Comuni', 'subscribersCount': 2}, {'id': '4', 'name': 'Enti Nazionali di Previdenza ed Assistenza Sociale', 'subscribersCount': 2}, {'id': '7', 'name': 'Regioni e Province Autonome', 'subscribersCount': 1}, {'id': '9', 'name': 'Stazioni Appaltanti e Gestori di pubblici servizi', 'subscribersCount': 2}]"
0,Totale,"{'producerName': 'Unione Italiana delle Camere di Commercio Industria, Artigianato e Agricoltura', 'macroCategories': [{'id': '1', 'name': 'Altre Pubbliche Amministrazioni locali', 'subscribersCount': 2}, {'id': '12', 'name': 'Pubbliche Amministrazioni Centrali', 'subscribersCount': 3}, {'id': '3', 'name': 'Comuni', 'subscribersCount': 2}, {'id': '4', 'name': 'Enti Nazionali di Previdenza ed Assistenza Sociale', 'subscribersCount': 2}, {'id': '7', 'name': 'Regioni e Province Autonome', 'subscribersCount': 1}, {'id': '9', 'name': 'Stazioni Appaltanti e Gestori di pubblici servizi', 'subscribersCount': 2}]}","Unione Italiana delle Camere di Commercio Industria, Artigianato e Agricoltura","{'id': '4', 'name': 'Enti Nazionali di Previdenza ed Assistenza Sociale', 'subscribersCount': 2}","Unione Italiana delle Camere di Commercio Industria, Artigianato e Agricoltura","[{'id': '1', 'name': 'Altre Pubbliche Amministrazioni locali', 'subscribersCount': 2}, {'id': '12', 'name': 'Pubbliche Amministrazioni Centrali', 'subscribersCount': 3}, {'id': '3', 'name': 'Comuni', 'subscribersCount': 2}, {'id': '4', 'name': 'Enti Nazionali di Previdenza ed Assistenza Sociale', 'subscribersCount': 2}, {'id': '7', 'name': 'Regioni e Province Autonome', 'subscribersCount': 1}, {'id': '9', 'name': 'Stazioni Appaltanti e Gestori di pubblici servizi', 'subscribersCount': 2}]"
0,Totale,"{'producerName': 'Unione Italiana delle Camere di Commercio Industria, Artigianato e Agricoltura', 'macroCategories': [{'id': '1', 'name': 'Altre Pubbliche Amministrazioni locali', 'subscribersCount': 2}, {'id': '12', 'name': 'Pubbliche Amministrazioni Centrali', 'subscribersCount': 3}, {'id': '3', 'name': 'Comuni', 'subscribersCount': 2}, {'id': '4', 'name': 'Enti Nazionali di Previdenza ed Assistenza Sociale', 'subscribersCount': 2}, {'id': '7', 'name': 'Regioni e Province Autonome', 'subscribersCount': 1}, {'id': '9', 'name': 'Stazioni Appaltanti e Gestori di pubblici servizi', 'subscribersCount': 2}]}","Unione Italiana delle Camere di Commercio Industria, Artigianato e Agricoltura","{'id': '7', 'name': 'Regioni e Province Autonome', 'subscribersCount': 1}","Unione Italiana delle Camere di Commercio Industria, Artigianato e Agricoltura","[{'id': '1', 'name': 'Altre Pubbliche Amministrazioni locali', 'subscribersCount': 2}, {'id': '12', 'name': 'Pubbliche Amministrazioni Centrali', 'subscribersCount': 3}, {'id': '3', 'name': 'Comuni', 'subscribersCount': 2}, {'id': '4', 'name': 'Enti Nazionali di Previdenza ed Assistenza Sociale', 'subscribersCount': 2}, {'id': '7', 'name': 'Regioni e Province Autonome', 'subscribersCount': 1}, {'id': '9', 'name': 'Stazioni Appaltanti e Gestori di pubblici servizi', 'subscribersCount': 2}]"
0,Totale,"{'producerName': 'Unione Italiana delle Camere di Commercio Industria, Artigianato e Agricoltura', 'macroCategories': [{'id': '1', 'name': 'Altre Pubbliche Amministrazioni locali', 'subscribersCount': 2}, {'id': '12', 'name': 'Pubbliche Amministrazioni Centrali', 'subscribersCount': 3}, {'id': '3', 'name': 'Comuni', 'subscribersCount': 2}, {'id': '4', 'name': 'Enti Nazionali di Previdenza ed Assistenza Sociale', 'subscribersCount': 2}, {'id': '7', 'name': 'Regioni e Province Autonome', 'subscribersCount': 1}, {'id': '9', 'name': 'Stazioni Appaltanti e Gestori di pubblici servizi', 'subscribersCount': 2}]}","Unione Italiana delle Camere di Commercio Industria, Artigianato e Agricoltura","{'id': '9', 'name': 'Stazioni Appaltanti e Gestori di pubblici servizi', 'subscribersCount': 2}","Unione Italiana delle Camere di Commercio Industria, Artigianato e Agricoltura","[{'id': '1', 'name': 'Altre Pubbliche Amministrazioni locali', 'subscribersCount': 2}, {'id': '12', 'name': 'Pubbliche Amministrazioni Centrali', 'subscribersCount': 3}, {'id': '3', 'name': 'Comuni', 'subscribersCount': 2}, {'id': '4', 'name': 'Enti Nazionali di Previdenza ed Assistenza Sociale', 'subscribersCount': 2}, {'id': '7', 'name': 'Regioni e Province Autonome', 'subscribersCount': 1}, {'id': '9', 'name': 'Stazioni Appaltanti e Gestori di pubblici servizi', 'subscribersCount': 2}]"
0,Totale,"{'producerName': ""MINISTERO DELL'UNIVERSITA' E DELLA RICERCA"", 'macroCategories': [{'id': '1', 'name': 'Altre Pubbliche Amministrazioni locali', 'subscribersCount': 1}, {'id': '10', 'name': 'Università e AFAM', 'subscribersCount': 1}, {'id': '12', 'name': 'Pubbliche Amministrazioni Centrali', 'subscribersCount': 1}, {'id': '3', 'name': 'Comuni', 'subscribersCount': 2}, {'id': '4', 'name': 'Enti Nazionali di Previdenza ed Assistenza Sociale', 'subscribersCount': 1}]}",MINISTERO DELL'UNIVERSITA' E DELLA RICERCA,"{'id': '1', 'name': 'Altre Pubbliche Amministrazioni locali', 'subscribersCount': 1}",MINISTERO DELL'UNIVERSITA' E DELLA RICERCA,"[{'id': '1', 'name': 'Altre Pubbliche Amministrazioni locali', 'subscribersCount': 1}, {'id': '10', 'name': 'Università e AFAM', 'subscribersCount': 1}, {'id': '12', 'name': 'Pubbliche Amministrazioni Centrali', 'subscribersCount': 1}, {'id': '3', 'name': 'Comuni', 'subscribersCount': 2}, {'id': '4', 'name': 'Enti Nazionali di Previdenza ed Assistenza Sociale', 'subscribersCount': 1}]"
0,Totale,"{'producerName': ""MINISTERO DELL'UNIVERSITA' E DELLA RICERCA"", 'macroCategories': [{'id': '1', 'name': 'Altre Pubbliche Amministrazioni locali', 'subscribersCount': 1}, {'id': '10', 'name': 'Università e AFAM', 'subscribersCount': 1}, {'id': '12', 'name': 'Pubbliche Amministrazioni Centrali', 'subscribersCount': 1}, {'id': '3', 'name': 'Comuni', 'subscribersCount': 2}, {'id': '4', 'name': 'Enti Nazionali di Previdenza ed Assistenza Sociale', 'subscribersCount': 1}]}",MINISTERO DELL'UNIVERSITA' E DELLA RICERCA,"{'id': '10', 'name': 'Università e AFAM', 'subscribersCount': 1}",MINISTERO DELL'UNIVERSITA' E DELLA RICERCA,"[{'id': '1', 'name': 'Altre Pubbliche Amministrazioni locali', 'subscribersCount': 1}, {'id': '10', 'name': 'Università e AFAM', 'subscribersCount': 1}, {'id': '12', 'name': 'Pubbliche Amministrazioni Centrali', 'subscribersCount': 1}, {'id': '3', 'name': 'Comuni', 'subscribersCount': 2}, {'id': '4', 'name': 'Enti Nazionali di Previdenza ed Assistenza Sociale', 'subscribersCount': 1}]"
0,Totale,"{'producerName': ""MINISTERO DELL'UNIVERSITA' E DELLA RICERCA"", 'macroCategories': [{'id': '1', 'name': 'Altre Pubbliche Amministrazioni locali', 'subscribersCount': 1}, {'id': '10', 'name': 'Università e AFAM', 'subscribersCount': 1}, {'id': '12', 'name': 'Pubbliche Amministrazioni Centrali', 'subscribersCount': 1}, {'id': '3', 'name': 'Comuni', 'subscribersCount': 2}, {'id': '4', 'name': 'Enti Nazionali di Previdenza ed Assistenza Sociale', 'subscribersCount': 1}]}",MINISTERO DELL'UNIVERSITA' E DELLA RICERCA,"{'id': '12', 'name': 'Pubbliche Amministrazioni Centrali', 'subscribersCount': 1}",MINISTERO DELL'UNIVERSITA' E DELLA RICERCA,"[{'id': '1', 'name': 'Altre Pubbliche Amministrazioni locali', 'subscribersCount': 1}, {'id': '10', 'name': 'Università e AFAM', 'subscribersCount': 1}, {'id': '12', 'name': 'Pubbliche Amministrazioni Centrali', 'subscribersCount': 1}, {'id': '3', 'name': 'Comuni', 'subscribersCount': 2}, {'id': '4', 'name': 'Enti Nazionali di Previdenza ed Assistenza Sociale', 'subscribersCount': 1}]"
0,Totale,"{'producerName': ""MINISTERO DELL'UNIVERSITA' E DELLA RICERCA"", 'macroCategories': [{'id': '1', 'name': 'Altre Pubbliche Amministrazioni locali', 'subscribersCount': 1}, {'id': '10', 'name': 'Università e AFAM', 'subscribersCount': 1}, {'id': '12', 'name': 'Pubbliche Amministrazioni Centrali', 'subscribersCount': 1}, {'id': '3', 'name': 'Comuni', 'subscribersCount': 2}, {'id': '4', 'name': 'Enti Nazionali di Previdenza ed Assistenza Sociale', 'subscribersCount': 1}]}",MINISTERO DELL'UNIVERSITA' E DELLA RICERCA,"{'id': '3', 'name': 'Comuni', 'subscribersCount': 2}",MINISTERO DELL'UNIVERSITA' E DELLA RICERCA,"[{'id': '1', 'name': 'Altre Pubbliche Amministrazioni locali', 'subscribersCount': 1}, {'id': '10', 'name': 'Università e AFAM', 'subscribersCount': 1}, {'id': '12', 'name': 'Pubbliche Amministrazioni Centrali', 'subscribersCount': 1}, {'id': '3', 'name': 'Comuni', 'subscribersCount': 2}, {'id': '4', 'name': 'Enti Nazionali di Previdenza ed Assistenza Sociale', 'subscribersCount': 1}]"
0,Totale,"{'producerName': ""MINISTERO DELL'UNIVERSITA' E DELLA RICERCA"", 'macroCategories': [{'id': '1', 'name': 'Altre Pubbliche Amministrazioni locali', 'subscribersCount': 1}, {'id': '10', 'name': 'Università e AFAM', 'subscribersCount': 1}, {'id': '12', 'name': 'Pubbliche Amministrazioni Centrali', 'subscribersCount': 1}, {'id': '3', 'name': 'Comuni', 'subscribersCount': 2}, {'id': '4', 'name': 'Enti Nazionali di Previdenza ed Assistenza Sociale', 'subscribersCount': 1}]}",MINISTERO DELL'UNIVERSITA' E DELLA RICERCA,"{'id': '4', 'name': 'Enti Nazionali di Previdenza ed Assistenza Sociale', 'subscribersCount': 1}",MINISTERO DELL'UNIVERSITA' E DELLA RICERCA,"[{'id': '1', 'name': 'Altre Pubbliche Amministrazioni locali', 'subscribersCount': 1}, {'id': '10', 'name': 'Università e AFAM', 'subscribersCount': 1}, {'id': '12', 'name': 'Pubbliche Amministrazioni Centrali', 'subscribersCount': 1}, {'id': '3', 'name': 'Comuni', 'subscribersCount': 2}, {'id': '4', 'name': 'Enti Nazionali di Previdenza ed Assistenza Sociale', 'subscribersCount': 1}]"
0,Totale,"{'producerName': ""Ministero dell'Interno"", 'macroCategories': [{'id': '1', 'name': 'Altre Pubbliche Amministrazioni locali', 'subscribersCount': 12}, {'id': '10', 'name': 'Università e AFAM', 'subscribersCount': 1}, {'id': '11', 'name': 'Enti privati', 'subscribersCount': 78}, {'id': '12', 'name': 'Pubbliche Amministrazioni Centrali', 'subscribersCount': 6}, {'id': '2', 'name': 'Aziende sanitarie locali e Strutture di ricovero', 'subscribersCount': 3}, {'id': '3', 'name': 'Comuni', 'subscribersCount': 282}, {'id': '4', 'name': 'Enti Nazionali di Previdenza ed Assistenza Sociale', 'subscribersCount': 2}, {'id': '5', 'name': 'Province e Città Metropolitane', 'subscribersCount': 6}, {'id': '6', 'name': 'Altre Pubbliche Amministrazioni Centrali', 'subscribersCount': 5}, {'id': '7', 'name': 'Regioni e Province Autonome', 'subscribersCount': 6}, {'id': '8', 'name': 'Scuole', 'subscribersCount': 2}, {'id': '9', 'name': 'Stazioni Appaltanti e Gestori di pubblici servizi', 'subscribersCount': 2}]}",Ministero dell'Interno,"{'id': '1', 'name': 'Altre Pubbliche Amministrazioni locali', 'subscribersCount': 12}",Ministero dell'Interno,"[{'id': '1', 'name': 'Altre Pubbliche Amministrazioni locali', 'subscribersCount': 12}, {'id': '10', 'name': 'Università e AFAM', 'subscribersCount': 1}, {'id': '11', 'name': 'Enti privati', 'subscribersCount': 78}, {'id': '12', 'name': 'Pubbliche Amministrazioni Centrali', 'subscribersCount': 6}, {'id': '2', 'name': 'Aziende sanitarie locali e Strutture di ricovero', 'subscribersCount': 3}, {'id': '3', 'name': 'Comuni', 'subscribersCount': 282}, {'id': '4', 'name': 'Enti Nazionali di Previdenza ed Assistenza Sociale', 'subscribersCount': 2}, {'id': '5', 'name': 'Province e Città Metropolitane', 'subscribersCount': 6}, {'id': '6', 'name': 'Altre Pubbliche Amministrazioni Centrali', 'subscribersCount': 5}, {'id': '7', 'name': 'Regioni e Province Autonome', 'subscribersCount': 6}, {'id': '8', 'name': 'Scuole', 'subscribersCount': 2}, {'id': '9', 'name': 'Stazioni Appaltanti e Gestori di pubblici servizi', 'subscribersCount': 2}]"
0,Totale,"{'producerName': ""Ministero dell'Interno"", 'macroCategories': [{'id': '1', 'name': 'Altre Pubbliche Amministrazioni locali', 'subscribersCount': 12}, {'id': '10', 'name': 'Università e AFAM', 'subscribersCount': 1}, {'id': '11', 'name': 'Enti privati', 'subscribersCount': 78}, {'id': '12', 'name': 'Pubbliche Amministrazioni Centrali', 'subscribersCount': 6}, {'id': '2', 'name': 'Aziende sanitarie locali e Strutture di ricovero', 'subscribersCount': 3}, {'id': '3', 'name': 'Comuni', 'subscribersCount': 282}, {'id': '4', 'name': 'Enti Nazionali di Previdenza ed Assistenza Sociale', 'subscribersCount': 2}, {'id': '5', 'name': 'Province e Città Metropolitane', 'subscribersCount': 6}, {'id': '6', 'name': 'Altre Pubbliche Amministrazioni Centrali', 'subscribersCount': 5}, {'id': '7', 'name': 'Regioni e Province Autonome', 'subscribersCount': 6}, {'id': '8', 'name': 'Scuole', 'subscribersCount': 2}, {'id': '9', 'name': 'Stazioni Appaltanti e Gestori di pubblici servizi', 'subscribersCount': 2}]}",Ministero dell'Interno,"{'id': '10', 'name': 'Università e AFAM', 'subscribersCount': 1}",Ministero dell'Interno,"[{'id': '1', 'name': 'Altre Pubbliche Amministrazioni locali', 'subscribersCount': 12}, {'id': '10', 'name': 'Università e AFAM', 'subscribersCount': 1}, {'id': '11', 'name': 'Enti privati', 'subscribersCount': 78}, {'id': '12', 'name': 'Pubbliche Amministrazioni Centrali', 'subscribersCount': 6}, {'id': '2', 'name': 'Aziende sanitarie locali e Strutture di ricovero', 'subscribersCount': 3}, {'id': '3', 'name': 'Comuni', 'subscribersCount': 282}, {'id': '4', 'name': 'Enti Nazionali di Previdenza ed Assistenza Sociale', 'subscribersCount': 2}, {'id': '5', 'name': 'Province e Città Metropolitane', 'subscribersCount': 6}, {'id': '6', 'name': 'Altre Pubbliche Amministrazioni Centrali', 'subscribersCount': 5}, {'id': '7', 'name': 'Regioni e Province Autonome', 'subscribersCount': 6}, {'id': '8', 'name': 'Scuole', 'subscribersCount': 2}, {'id': '9', 'name': 'Stazioni Appaltanti e Gestori di pubblici servizi', 'subscribersCount': 2}]"
0,Totale,"{'producerName': ""Ministero dell'Interno"", 'macroCategories': [{'id': '1', 'name': 'Altre Pubbliche Amministrazioni locali', 'subscribersCount': 12}, {'id': '10', 'name': 'Università e AFAM', 'subscribersCount': 1}, {'id': '11', 'name': 'Enti privati', 'subscribersCount': 78}, {'id': '12', 'name': 'Pubbliche Amministrazioni Centrali', 'subscribersCount': 6}, {'id': '2', 'name': 'Aziende sanitarie locali e Strutture di ricovero', 'subscribersCount': 3}, {'id': '3', 'name': 'Comuni', 'subscribersCount': 282}, {'id': '4', 'name': 'Enti Nazionali di Previdenza ed Assistenza Sociale', 'subscribersCount': 2}, {'id': '5', 'name': 'Province e Città Metropolitane', 'subscribersCount': 6}, {'id': '6', 'name': 'Altre Pubbliche Amministrazioni Centrali', 'subscribersCount': 5}, {'id': '7', 'name': 'Regioni e Province Autonome', 'subscribersCount': 6}, {'id': '8', 'name': 'Scuole', 'subscribersCount': 2}, {'id': '9', 'name': 'Stazioni Appaltanti e Gestori di pubblici servizi', 'subscribersCount': 2}]}",Ministero dell'Interno,"{'id': '11', 'name': 'Enti privati', 'subscribersCount': 78}",Ministero dell'Interno,"[{'id': '1', 'name': 'Altre Pubbliche Amministrazioni locali', 'subscribersCount': 12}, {'id': '10', 'name': 'Università e AFAM', 'subscribersCount': 1}, {'id': '11', 'name': 'Enti privati', 'subscribersCount': 78}, {'id': '12', 'name': 'Pubbliche Amministrazioni Centrali', 'subscribersCount': 6}, {'id': '2', 'name': 'Aziende sanitarie locali e Strutture di ricovero', 'subscribersCount': 3}, {'id': '3', 'name': 'Comuni', 'subscribersCount': 282}, {'id': '4', 'name': 'Enti Nazionali di Previdenza ed Assistenza Sociale', 'subscribersCount': 2}, {'id': '5', 'name': 'Province e Città Metropolitane', 'subscribersCount': 6}, {'id': '6', 'name': 'Altre Pubbliche Amministrazioni Centrali', 'subscribersCount': 5}, {'id': '7', 'name': 'Regioni e Province Autonome', 'subscribersCount': 6}, {'id': '8', 'name': 'Scuole', 'subscribersCount': 2}, {'id': '9', 'name': 'Stazioni Appaltanti e Gestori di pubblici servizi', 'subscribersCount': 2}]"
0,Totale,"{'producerName': ""Ministero dell'Interno"", 'macroCategories': [{'id': '1', 'name': 'Altre Pubbliche Amministrazioni locali', 'subscribersCount': 12}, {'id': '10', 'name': 'Università e AFAM', 'subscribersCount': 1}, {'id': '11', 'name': 'Enti privati', 'subscribersCount': 78}, {'id': '12', 'name': 'Pubbliche Amministrazioni Centrali', 'subscribersCount': 6}, {'id': '2', 'name': 'Aziende sanitarie locali e Strutture di ricovero', 'subscribersCount': 3}, {'id': '3', 'name': 'Comuni', 'subscribersCount': 282}, {'id': '4', 'name': 'Enti Nazionali di Previdenza ed Assistenza Sociale', 'subscribersCount': 2}, {'id': '5', 'name': 'Province e Città Metropolitane', 'subscribersCount': 6}, {'id': '6', 'name': 'Altre Pubbliche Amministrazioni Centrali', 'subscribersCount': 5}, {'id': '7', 'name': 'Regioni e Province Autonome', 'subscribersCount': 6}, {'id': '8', 'name': 'Scuole', 'subscribersCount': 2}, {'id': '9', 'name': 'Stazioni Appaltanti e Gestori di pubblici servizi', 'subscribersCount': 2}]}",Ministero dell'Interno,"{'id': '12', 'name': 'Pubbliche Amministrazioni Centrali', 'subscribersCount': 6}",Ministero dell'Interno,"[{'id': '1', 'name': 'Altre Pubbliche Amministrazioni locali', 'subscribersCount': 12}, {'id': '10', 'name': 'Università e AFAM', 'subscribersCount': 1}, {'id': '11', 'name': 'Enti privati', 'subscribersCount': 78}, {'id': '12', 'name': 'Pubbliche Amministrazioni Centrali', 'subscribersCount': 6}, {'id': '2', 'name': 'Aziende sanitarie locali e Strutture di ricovero', 'subscribersCount': 3}, {'id': '3', 'name': 'Comuni', 'subscribersCount': 282}, {'id': '4', 'name': 'Enti Nazionali di Previdenza ed Assistenza Sociale', 'subscribersCount': 2}, {'id': '5', 'name': 'Province e Città Metropolitane', 'subscribersCount': 6}, {'id': '6', 'name': 'Altre Pubbliche Amministrazioni Centrali', 'subscribersCount': 5}, {'id': '7', 'name': 'Regioni e Province Autonome', 'subscribersCount': 6}, {'id': '8', 'name': 'Scuole', 'subscribersCount': 2}, {'id': '9', 'name': 'Stazioni Appaltanti e Gestori di pubblici servizi', 'subscribersCount': 2}]"
0,Totale,"{'producerName': ""Ministero dell'Interno"", 'macroCategories': [{'id': '1', 'name': 'Altre Pubbliche Amministrazioni locali', 'subscribersCount': 12}, {'id': '10', 'name': 'Università e AFAM', 'subscribersCount': 1}, {'id': '11', 'name': 'Enti privati', 'subscribersCount': 78}, {'id': '12', 'name': 'Pubbliche Amministrazioni Centrali', 'subscribersCount': 6}, {'id': '2', 'name': 'Aziende sanitarie locali e Strutture di ricovero', 'subscribersCount': 3}, {'id': '3', 'name': 'Comuni', 'subscribersCount': 282}, {'id': '4', 'name': 'Enti Nazionali di Previdenza ed Assistenza Sociale', 'subscribersCount': 2}, {'id': '5', 'name': 'Province e Città Metropolitane', 'subscribersCount': 6}, {'id': '6', 'name': 'Altre Pubbliche Amministrazioni Centrali', 'subscribersCount': 5}, {'id': '7', 'name': 'Regioni e Province Autonome', 'subscribersCount': 6}, {'id': '8', 'name': 'Scuole', 'subscribersCount': 2}, {'id': '9', 'name': 'Stazioni Appaltanti e Gestori di pubblici servizi', 'subscribersCount': 2}]}",Ministero dell'Interno,"{'id': '2', 'name': 'Aziende sanitarie locali e Strutture di ricovero', 'subscribersCount': 3}",Ministero dell'Interno,"[{'id': '1', 'name': 'Altre Pubbliche Amministrazioni locali', 'subscribersCount': 12}, {'id': '10', 'name': 'Università e AFAM', 'subscribersCount': 1}, {'id': '11', 'name': 'Enti privati', 'subscribersCount': 78}, {'id': '12', 'name': 'Pubbliche Amministrazioni Centrali', 'subscribersCount': 6}, {'id': '2', 'name': 'Aziende sanitarie locali e Strutture di ricovero', 'subscribersCount': 3}, {'id': '3', 'name': 'Comuni', 'subscribersCount': 282}, {'id': '4', 'name': 'Enti Nazionali di Previdenza ed Assistenza Sociale', 'subscribersCount': 2}, {'id': '5', 'name': 'Province e Città Metropolitane', 'subscribersCount': 6}, {'id': '6', 'name': 'Altre Pubbliche Amministrazioni Centrali', 'subscribersCount': 5}, {'id': '7', 'name': 'Regioni e Province Autonome', 'subscribersCount': 6}, {'id': '8', 'name': 'Scuole', 'subscribersCount': 2}, {'id': '9', 'name': 'Stazioni Appaltanti e Gestori di pubblici servizi', 'subscribersCount': 2}]"
0,Totale,"{'producerName': ""Ministero dell'Interno"", 'macroCategories': [{'id': '1', 'name': 'Altre Pubbliche Amministrazioni locali', 'subscribersCount': 12}, {'id': '10', 'name': 'Università e AFAM', 'subscribersCount': 1}, {'id': '11', 'name': 'Enti privati', 'subscribersCount': 78}, {'id': '12', 'name': 'Pubbliche Amministrazioni Centrali', 'subscribersCount': 6}, {'id': '2', 'name': 'Aziende sanitarie locali e Strutture di ricovero', 'subscribersCount': 3}, {'id': '3', 'name': 'Comuni', 'subscribersCount': 282}, {'id': '4', 'name': 'Enti Nazionali di Previdenza ed Assistenza Sociale', 'subscribersCount': 2}, {'id': '5', 'name': 'Province e Città Metropolitane', 'subscribersCount': 6}, {'id': '6', 'name': 'Altre Pubbliche Amministrazioni Centrali', 'subscribersCount': 5}, {'id': '7', 'name': 'Regioni e Province Autonome', 'subscribersCount': 6}, {'id': '8', 'name': 'Scuole', 'subscribersCount': 2}, {'id': '9', 'name': 'Stazioni Appaltanti e Gestori di pubblici servizi', 'subscribersCount': 2}]}",Ministero dell'Interno,"{'id': '3', 'name': 'Comuni', 'subscribersCount': 282}",Ministero dell'Interno,"[{'id': '1', 'name': 'Altre Pubbliche Amministrazioni locali', 'subscribersCount': 12}, {'id': '10', 'name': 'Università e AFAM', 'subscribersCount': 1}, {'id': '11', 'name': 'Enti privati', 'subscribersCount': 78}, {'id': '12', 'name': 'Pubbliche Amministrazioni Centrali', 'subscribersCount': 6}, {'id': '2', 'name': 'Aziende sanitarie locali e Strutture di ricovero', 'subscribersCount': 3}, {'id': '3', 'name': 'Comuni', 'subscribersCount': 282}, {'id': '4', 'name': 'Enti Nazionali di Previdenza ed Assistenza Sociale', 'subscribersCount': 2}, {'id': '5', 'name': 'Province e Città Metropolitane', 'subscribersCount': 6}, {'id': '6', 'name': 'Altre Pubbliche Amministrazioni Centrali', 'subscribersCount': 5}, {'id': '7', 'name': 'Regioni e Province Autonome', 'subscribersCount': 6}, {'id': '8', 'name': 'Scuole', 'subscribersCount': 2}, {'id': '9', 'name': 'Stazioni Appaltanti e Gestori di pubblici servizi', 'subscribersCount': 2}]"
0,Totale,"{'producerName': ""Ministero dell'Interno"", 'macroCategories': [{'id': '1', 'name': 'Altre Pubbliche Amministrazioni locali', 'subscribersCount': 12}, {'id': '10', 'name': 'Università e AFAM', 'subscribersCount': 1}, {'id': '11', 'name': 'Enti privati', 'subscribersCount': 78}, {'id': '12', 'name': 'Pubbliche Amministrazioni Centrali', 'subscribersCount': 6}, {'id': '2', 'name': 'Aziende sanitarie locali e Strutture di ricovero', 'subscribersCount': 3}, {'id': '3', 'name': 'Comuni', 'subscribersCount': 282}, {'id': '4', 'name': 'Enti Nazionali di Previdenza ed Assistenza Sociale', 'subscribersCount': 2}, {'id': '5', 'name': 'Province e Città Metropolitane', 'subscribersCount': 6}, {'id': '6', 'name': 'Altre Pubbliche Amministrazioni Centrali', 'subscribersCount': 5}, {'id': '7', 'name': 'Regioni e Province Autonome', 'subscribersCount': 6}, {'id': '8', 'name': 'Scuole', 'subscribersCount': 2}, {'id': '9', 'name': 'Stazioni Appaltanti e Gestori di pubblici servizi', 'subscribersCount': 2}]}",Ministero dell'Interno,"{'id': '4', 'name': 'Enti Nazionali di Previdenza ed Assistenza Sociale', 'subscribersCount': 2}",Ministero dell'Interno,"[{'id': '1', 'name': 'Altre Pubbliche Amministrazioni locali', 'subscribersCount': 12}, {'id': '10', 'name': 'Università e AFAM', 'subscribersCount': 1}, {'id': '11', 'name': 'Enti privati', 'subscribersCount': 78}, {'id': '12', 'name': 'Pubbliche Amministrazioni Centrali', 'subscribersCount': 6}, {'id': '2', 'name': 'Aziende sanitarie locali e Strutture di ricovero', 'subscribersCount': 3}, {'id': '3', 'name': 'Comuni', 'subscribersCount': 282}, {'id': '4', 'name': 'Enti Nazionali di Previdenza ed Assistenza Sociale', 'subscribersCount': 2}, {'id': '5', 'name': 'Province e Città Metropolitane', 'subscribersCount': 6}, {'id': '6', 'name': 'Altre Pubbliche Amministrazioni Centrali', 'subscribersCount': 5}, {'id': '7', 'name': 'Regioni e Province Autonome', 'subscribersCount': 6}, {'id': '8', 'name': 'Scuole', 'subscribersCount': 2}, {'id': '9', 'name': 'Stazioni Appaltanti e Gestori di pubblici servizi', 'subscribersCount': 2}]"
0,Totale,"{'producerName': ""Ministero dell'Interno"", 'macroCategories': [{'id': '1', 'name': 'Altre Pubbliche Amministrazioni locali', 'subscribersCount': 12}, {'id': '10', 'name': 'Università e AFAM', 'subscribersCount': 1}, {'id': '11', 'name': 'Enti privati', 'subscribersCount': 78}, {'id': '12', 'name': 'Pubbliche Amministrazioni Centrali', 'subscribersCount': 6}, {'id': '2', 'name': 'Aziende sanitarie locali e Strutture di ricovero', 'subscribersCount': 3}, {'id': '3', 'name': 'Comuni', 'subscribersCount': 282}, {'id': '4', 'name': 'Enti Nazionali di Previdenza ed Assistenza Sociale', 'subscribersCount': 2}, {'id': '5', 'name': 'Province e Città Metropolitane', 'subscribersCount': 6}, {'id': '6', 'name': 'Altre Pubbliche Amministrazioni Centrali', 'subscribersCount': 5}, {'id': '7', 'name': 'Regioni e Province Autonome', 'subscribersCount': 6}, {'id': '8', 'name': 'Scuole', 'subscribersCount': 2}, {'id': '9', 'name': 'Stazioni Appaltanti e Gestori di pubblici servizi', 'subscribersCount': 2}]}",Ministero dell'Interno,"{'id': '5', 'name': 'Province e Città Metropolitane', 'subscribersCount': 6}",Ministero dell'Interno,"[{'id': '1', 'name': 'Altre Pubbliche Amministrazioni locali', 'subscribersCount': 12}, {'id': '10', 'name': 'Università e AFAM', 'subscribersCount': 1}, {'id': '11', 'name': 'Enti privati', 'subscribersCount': 78}, {'id': '12', 'name': 'Pubbliche Amministrazioni Centrali', 'subscribersCount': 6}, {'id': '2', 'name': 'Aziende sanitarie locali e Strutture di ricovero', 'subscribersCount': 3}, {'id': '3', 'name': 'Comuni', 'subscribersCount': 282}, {'id': '4', 'name': 'Enti Nazionali di Previdenza ed Assistenza Sociale', 'subscribersCount': 2}, {'id': '5', 'name': 'Province e Città Metropolitane', 'subscribersCount': 6}, {'id': '6', 'name': 'Altre Pubbliche Amministrazioni Centrali', 'subscribersCount': 5}, {'id': '7', 'name': 'Regioni e Province Autonome', 'subscribersCount': 6}, {'id': '8', 'name': 'Scuole', 'subscribersCount': 2}, {'id': '9', 'name': 'Stazioni Appaltanti e Gestori di pubblici servizi', 'subscribersCount': 2}]"
0,Totale,"{'producerName': ""Ministero dell'Interno"", 'macroCategories': [{'id': '1', 'name': 'Altre Pubbliche Amministrazioni locali', 'subscribersCount': 12}, {'id': '10', 'name': 'Università e AFAM', 'subscribersCount': 1}, {'id': '11', 'name': 'Enti privati', 'subscribersCount': 78}, {'id': '12', 'name': 'Pubbliche Amministrazioni Centrali', 'subscribersCount': 6}, {'id': '2', 'name': 'Aziende sanitarie locali e Strutture di ricovero', 'subscribersCount': 3}, {'id': '3', 'name': 'Comuni', 'subscribersCount': 282}, {'id': '4', 'name': 'Enti Nazionali di Previdenza ed Assistenza Sociale', 'subscribersCount': 2}, {'id': '5', 'name': 'Province e Città Metropolitane', 'subscribersCount': 6}, {'id': '6', 'name': 'Altre Pubbliche Amministrazioni Centrali', 'subscribersCount': 5}, {'id': '7', 'name': 'Regioni e Province Autonome', 'subscribersCount': 6}, {'id': '8', 'name': 'Scuole', 'subscribersCount': 2}, {'id': '9', 'name': 'Stazioni Appaltanti e Gestori di pubblici servizi', 'subscribersCount': 2}]}",Ministero dell'Interno,"{'id': '6', 'name': 'Altre Pubbliche Amministrazioni Centrali', 'subscribersCount': 5}",Ministero dell'Interno,"[{'id': '1', 'name': 'Altre Pubbliche Amministrazioni locali', 'subscribersCount': 12}, {'id': '10', 'name': 'Università e AFAM', 'subscribersCount': 1}, {'id': '11', 'name': 'Enti privati', 'subscribersCount': 78}, {'id': '12', 'name': 'Pubbliche Amministrazioni Centrali', 'subscribersCount': 6}, {'id': '2', 'name': 'Aziende sanitarie locali e Strutture di ricovero', 'subscribersCount': 3}, {'id': '3', 'name': 'Comuni', 'subscribersCount': 282}, {'id': '4', 'name': 'Enti Nazionali di Previdenza ed Assistenza Sociale', 'subscribersCount': 2}, {'id': '5', 'name': 'Province e Città Metropolitane', 'subscribersCount': 6}, {'id': '6', 'name': 'Altre Pubbliche Amministrazioni Centrali', 'subscribersCount': 5}, {'id': '7', 'name': 'Regioni e Province Autonome', 'subscribersCount': 6}, {'id': '8', 'name': 'Scuole', 'subscribersCount': 2}, {'id': '9', 'name': 'Stazioni Appaltanti e Gestori di pubblici servizi', 'subscribersCount': 2}]"
0,Totale,"{'producerName': ""Ministero dell'Interno"", 'macroCategories': [{'id': '1', 'name': 'Altre Pubbliche Amministrazioni locali', 'subscribersCount': 12}, {'id': '10', 'name': 'Università e AFAM', 'subscribersCount': 1}, {'id': '11', 'name': 'Enti privati', 'subscribersCount': 78}, {'id': '12', 'name': 'Pubbliche Amministrazioni Centrali', 'subscribersCount': 6}, {'id': '2', 'name': 'Aziende sanitarie locali e Strutture di ricovero', 'subscribersCount': 3}, {'id': '3', 'name': 'Comuni', 'subscribersCount': 282}, {'id': '4', 'name': 'Enti Nazionali di Previdenza ed Assistenza Sociale', 'subscribersCount': 2}, {'id': '5', 'name': 'Province e Città Metropolitane', 'subscribersCount': 6}, {'id': '6', 'name': 'Altre Pubbliche Amministrazioni Centrali', 'subscribersCount': 5}, {'id': '7', 'name': 'Regioni e Province Autonome', 'subscribersCount': 6}, {'id': '8', 'name': 'Scuole', 'subscribersCount': 2}, {'id': '9', 'name': 'Stazioni Appaltanti e Gestori di pubblici servizi', 'subscribersCount': 2}]}",Ministero dell'Interno,"{'id': '7', 'name': 'Regioni e Province Autonome', 'subscribersCount': 6}",Ministero dell'Interno,"[{'id': '1', 'name': 'Altre Pubbliche Amministrazioni locali', 'subscribersCount': 12}, {'id': '10', 'name': 'Università e AFAM', 'subscribersCount': 1}, {'id': '11', 'name': 'Enti privati', 'subscribersCount': 78}, {'id': '12', 'name': 'Pubbliche Amministrazioni Centrali', 'subscribersCount': 6}, {'id': '2', 'name': 'Aziende sanitarie locali e Strutture di ricovero', 'subscribersCount': 3}, {'id': '3', 'name': 'Comuni', 'subscribersCount': 282}, {'id': '4', 'name': 'Enti Nazionali di Previdenza ed Assistenza Sociale', 'subscribersCount': 2}, {'id': '5', 'name': 'Province e Città Metropolitane', 'subscribersCount': 6}, {'id': '6', 'name': 'Altre Pubbliche Amministrazioni Centrali', 'subscribersCount': 5}, {'id': '7', 'name': 'Regioni e Province Autonome', 'subscribersCount': 6}, {'id': '8', 'name': 'Scuole', 'subscribersCount': 2}, {'id': '9', 'name': 'Stazioni Appaltanti e Gestori di pubblici servizi', 'subscribersCount': 2}]"
0,Totale,"{'producerName': ""Ministero dell'Interno"", 'macroCategories': [{'id': '1', 'name': 'Altre Pubbliche Amministrazioni locali', 'subscribersCount': 12}, {'id': '10', 'name': 'Università e AFAM', 'subscribersCount': 1}, {'id': '11', 'name': 'Enti privati', 'subscribersCount': 78}, {'id': '12', 'name': 'Pubbliche Amministrazioni Centrali', 'subscribersCount': 6}, {'id': '2', 'name': 'Aziende sanitarie locali e Strutture di ricovero', 'subscribersCount': 3}, {'id': '3', 'name': 'Comuni', 'subscribersCount': 282}, {'id': '4', 'name': 'Enti Nazionali di Previdenza ed Assistenza Sociale', 'subscribersCount': 2}, {'id': '5', 'name': 'Province e Città Metropolitane', 'subscribersCount': 6}, {'id': '6', 'name': 'Altre Pubbliche Amministrazioni Centrali', 'subscribersCount': 5}, {'id': '7', 'name': 'Regioni e Province Autonome', 'subscribersCount': 6}, {'id': '8', 'name': 'Scuole', 'subscribersCount': 2}, {'id': '9', 'name': 'Stazioni Appaltanti e Gestori di pubblici servizi', 'subscribersCount': 2}]}",Ministero dell'Interno,"{'id': '8', 'name': 'Scuole', 'subscribersCount': 2}",Ministero dell'Interno,"[{'id': '1', 'name': 'Altre Pubbliche Amministrazioni locali', 'subscribersCount': 12}, {'id': '10', 'name': 'Università e AFAM', 'subscribersCount': 1}, {'id': '11', 'name': 'Enti privati', 'subscribersCount': 78}, {'id': '12', 'name': 'Pubbliche Amministrazioni Centrali', 'subscribersCount': 6}, {'id': '2', 'name': 'Aziende sanitarie locali e Strutture di ricovero', 'subscribersCount': 3}, {'id': '3', 'name': 'Comuni', 'subscribersCount': 282}, {'id': '4', 'name': 'Enti Nazionali di Previdenza ed Assistenza Sociale', 'subscribersCount': 2}, {'id': '5', 'name': 'Province e Città Metropolitane', 'subscribersCount': 6}, {'id': '6', 'name': 'Altre Pubbliche Amministrazioni Centrali', 'subscribersCount': 5}, {'id': '7', 'name': 'Regioni e Province Autonome', 'subscribersCount': 6}, {'id': '8', 'name': 'Scuole', 'subscribersCount': 2}, {'id': '9', 'name': 'Stazioni Appaltanti e Gestori di pubblici servizi', 'subscribersCount': 2}]"
0,Totale,"{'producerName': ""Ministero dell'Interno"", 'macroCategories': [{'id': '1', 'name': 'Altre Pubbliche Amministrazioni locali', 'subscribersCount': 12}, {'id': '10', 'name': 'Università e AFAM', 'subscribersCount': 1}, {'id': '11', 'name': 'Enti privati', 'subscribersCount': 78}, {'id': '12', 'name': 'Pubbliche Amministrazioni Centrali', 'subscribersCount': 6}, {'id': '2', 'name': 'Aziende sanitarie locali e Strutture di ricovero', 'subscribersCount': 3}, {'id': '3', 'name': 'Comuni', 'subscribersCount': 282}, {'id': '4', 'name': 'Enti Nazionali di Previdenza ed Assistenza Sociale', 'subscribersCount': 2}, {'id': '5', 'name': 'Province e Città Metropolitane', 'subscribersCount': 6}, {'id': '6', 'name': 'Altre Pubbliche Amministrazioni Centrali', 'subscribersCount': 5}, {'id': '7', 'name': 'Regioni e Province Autonome', 'subscribersCount': 6}, {'id': '8', 'name': 'Scuole', 'subscribersCount': 2}, {'id': '9', 'name': 'Stazioni Appaltanti e Gestori di pubblici servizi', 'subscribersCount': 2}]}",Ministero dell'Interno,"{'id': '9', 'name': 'Stazioni Appaltanti e Gestori di pubblici servizi', 'subscribersCount': 2}",Ministero dell'Interno,"[{'id': '1', 'name': 'Altre Pubbliche Amministrazioni locali', 'subscribersCount': 12}, {'id': '10', 'name': 'Università e AFAM', 'subscribersCount': 1}, {'id': '11', 'name': 'Enti privati', 'subscribersCount': 78}, {'id': '12', 'name': 'Pubbliche Amministrazioni Centrali', 'subscribersCount': 6}, {'id': '2', 'name': 'Aziende sanitarie locali e Strutture di ricovero', 'subscribersCount': 3}, {'id': '3', 'name': 'Comuni', 'subscribersCount': 282}, {'id': '4', 'name': 'Enti Nazionali di Previdenza ed Assistenza Sociale', 'subscribersCount': 2}, {'id': '5', 'name': 'Province e Città Metropolitane', 'subscribersCount': 6}, {'id': '6', 'name': 'Altre Pubbliche Amministrazioni Centrali', 'subscribersCount': 5}, {'id': '7', 'name': 'Regioni e Province Autonome', 'subscribersCount': 6}, {'id': '8', 'name': 'Scuole', 'subscribersCount': 2}, {'id': '9', 'name': 'Stazioni Appaltanti e Gestori di pubblici servizi', 'subscribersCount': 2}]"
0,Totale,"{'producerName': 'Ministero del Lavoro e delle Politiche Sociali', 'macroCategories': [{'id': '1', 'name': 'Altre Pubbliche Amministrazioni locali', 'subscribersCount': 2}, {'id': '4', 'name': 'Enti Nazionali di Previdenza ed Assistenza Sociale', 'subscribersCount': 1}, {'id': '7', 'name': 'Regioni e Province Autonome', 'subscribersCount': 5}, {'id': '9', 'name': 'Stazioni Appaltanti e Gestori di pubblici servizi', 'subscribersCount': 1}]}",Ministero del Lavoro e delle Politiche Sociali,"{'id': '1', 'name': 'Altre Pubbliche Amministrazioni locali', 'subscribersCount': 2}",Ministero del Lavoro e delle Politiche Sociali,"[{'id': '1', 'name': 'Altre Pubbliche Amministrazioni locali', 'subscribersCount': 2}, {'id': '4', 'name': 'Enti Nazionali di Previdenza ed Assistenza Sociale', 'subscribersCount': 1}, {'id': '7', 'name': 'Regioni e Province Autonome', 'subscribersCount': 5}, {'id': '9', 'name': 'Stazioni Appaltanti e Gestori di pubblici servizi', 'subscribersCount': 1}]"
0,Totale,"{'producerName': 'Ministero del Lavoro e delle Politiche Sociali', 'macroCategories': [{'id': '1', 'name': 'Altre Pubbliche Amministrazioni locali', 'subscribersCount': 2}, {'id': '4', 'name': 'Enti Nazionali di Previdenza ed Assistenza Sociale', 'subscribersCount': 1}, {'id': '7', 'name': 'Regioni e Province Autonome', 'subscribersCount': 5}, {'id': '9', 'name': 'Stazioni Appaltanti e Gestori di pubblici servizi', 'subscribersCount': 1}]}",Ministero del Lavoro e delle Politiche Sociali,"{'id': '4', 'name': 'Enti Nazionali di Previdenza ed Assistenza Sociale', 'subscribersCount': 1}",Ministero del Lavoro e delle Politiche Sociali,"[{'id': '1', 'name': 'Altre Pubbliche Amministrazioni locali', 'subscribersCount': 2}, {'id': '4', 'name': 'Enti Nazionali di Previdenza ed Assistenza Sociale', 'subscribersCount': 1}, {'id': '7', 'name': 'Regioni e Province Autonome', 'subscribersCount': 5}, {'id': '9', 'name': 'Stazioni Appaltanti e Gestori di pubblici servizi', 'subscribersCount': 1}]"
0,Totale,"{'producerName': 'Ministero del Lavoro e delle Politiche Sociali', 'macroCategories': [{'id': '1', 'name': 'Altre Pubbliche Amministrazioni locali', 'subscribersCount': 2}, {'id': '4', 'name': 'Enti Nazionali di Previdenza ed Assistenza Sociale', 'subscribersCount': 1}, {'id': '7', 'name': 'Regioni e Province Autonome', 'subscribersCount': 5}, {'id': '9', 'name': 'Stazioni Appaltanti e Gestori di pubblici servizi', 'subscribersCount': 1}]}",Ministero del Lavoro e delle Politiche Sociali,"{'id': '7', 'name': 'Regioni e Province Autonome', 'subscribersCount': 5}",Ministero del Lavoro e delle Politiche Sociali,"[{'id': '1', 'name': 'Altre Pubbliche Amministrazioni locali', 'subscribersCount': 2}, {'id': '4', 'name': 'Enti Nazionali di Previdenza ed Assistenza Sociale', 'subscribersCount': 1}, {'id': '7', 'name': 'Regioni e Province Autonome', 'subscribersCount': 5}, {'id': '9', 'name': 'Stazioni Appaltanti e Gestori di pubblici servizi', 'subscribersCount': 1}]"
0,Totale,"{'producerName': 'Ministero del Lavoro e delle Politiche Sociali', 'macroCategories': [{'id': '1', 'name': 'Altre Pubbliche Amministrazioni locali', 'subscribersCount': 2}, {'id': '4', 'name': 'Enti Nazionali di Previdenza ed Assistenza Sociale', 'subscribersCount': 1}, {'id': '7', 'name': 'Regioni e Province Autonome', 'subscribersCount': 5}, {'id': '9', 'name': 'Stazioni Appaltanti e Gestori di pubblici servizi', 'subscribersCount': 1}]}",Ministero del Lavoro e delle Politiche Sociali,"{'id': '9', 'name': 'Stazioni Appaltanti e Gestori di pubblici servizi', 'subscribersCount': 1}",Ministero del Lavoro e delle Politiche Sociali,"[{'id': '1', 'name': 'Altre Pubbliche Amministrazioni locali', 'subscribersCount': 2}, {'id': '4', 'name': 'Enti Nazionali di Previdenza ed Assistenza Sociale', 'subscribersCount': 1}, {'id': '7', 'name': 'Regioni e Province Autonome', 'subscribersCount': 5}, {'id': '9', 'name': 'Stazioni Appaltanti e Gestori di pubblici servizi', 'subscribersCount': 1}]"
0,Totale,"{'producerName': 'PagoPa S.p.A.', 'macroCategories': [{'id': '1', 'name': 'Altre Pubbliche Amministrazioni locali', 'subscribersCount': 6}, {'id': '2', 'name': 'Aziende sanitarie locali e Strutture di ricovero', 'subscribersCount': 2}, {'id': '3', 'name': 'Comuni', 'subscribersCount': 3693}, {'id': '5', 'name': 'Province e Città Metropolitane', 'subscribersCount': 1}, {'id': '6', 'name': 'Altre Pubbliche Amministrazioni Centrali', 'subscribersCount': 2}, {'id': '9', 'name': 'Stazioni Appaltanti e Gestori di pubblici servizi', 'subscribersCount': 9}]}",PagoPa S.p.A.,"{'id': '1', 'name': 'Altre Pubbliche Amministrazioni locali', 'subscribersCount': 6}",PagoPa S.p.A.,"[{'id': '1', 'name': 'Altre Pubbliche Amministrazioni locali', 'subscribersCount': 6}, {'id': '2', 'name': 'Aziende sanitarie locali e Strutture di ricovero', 'subscribersCount': 2}, {'id': '3', 'name': 'Comuni', 'subscribersCount': 3693}, {'id': '5', 'name': 'Province e Città Metropolitane', 'subscribersCount': 1}, {'id': '6', 'name': 'Altre Pubbliche Amministrazioni Centrali', 'subscribersCount': 2}, {'id': '9', 'name': 'Stazioni Appaltanti e Gestori di pubblici servizi', 'subscribersCount': 9}]"
0,Totale,"{'producerName': 'PagoPa S.p.A.', 'macroCategories': [{'id': '1', 'name': 'Altre Pubbliche Amministrazioni locali', 'subscribersCount': 6}, {'id': '2', 'name': 'Aziende sanitarie locali e Strutture di ricovero', 'subscribersCount': 2}, {'id': '3', 'name': 'Comuni', 'subscribersCount': 3693}, {'id': '5', 'name': 'Province e Città Metropolitane', 'subscribersCount': 1}, {'id': '6', 'name': 'Altre Pubbliche Amministrazioni Centrali', 'subscribersCount': 2}, {'id': '9', 'name': 'Stazioni Appaltanti e Gestori di pubblici servizi', 'subscribersCount': 9}]}",PagoPa S.p.A.,"{'id': '2', 'name': 'Aziende sanitarie locali e Strutture di ricovero', 'subscribersCount': 2}",PagoPa S.p.A.,"[{'id': '1', 'name': 'Altre Pubbliche Amministrazioni locali', 'subscribersCount': 6}, {'id': '2', 'name': 'Aziende sanitarie locali e Strutture di ricovero', 'subscribersCount': 2}, {'id': '3', 'name': 'Comuni', 'subscribersCount': 3693}, {'id': '5', 'name': 'Province e Città Metropolitane', 'subscribersCount': 1}, {'id': '6', 'name': 'Altre Pubbliche Amministrazioni Centrali', 'subscribersCount': 2}, {'id': '9', 'name': 'Stazioni Appaltanti e Gestori di pubblici servizi', 'subscribersCount': 9}]"
0,Totale,"{'producerName': 'PagoPa S.p.A.', 'macroCategories': [{'id': '1', 'name': 'Altre Pubbliche Amministrazioni locali', 'subscribersCount': 6}, {'id': '2', 'name': 'Aziende sanitarie locali e Strutture di ricovero', 'subscribersCount': 2}, {'id': '3', 'name': 'Comuni', 'subscribersCount': 3693}, {'id': '5', 'name': 'Province e Città Metropolitane', 'subscribersCount': 1}, {'id': '6', 'name': 'Altre Pubbliche Amministrazioni Centrali', 'subscribersCount': 2}, {'id': '9', 'name': 'Stazioni Appaltanti e Gestori di pubblici servizi', 'subscribersCount': 9}]}",PagoPa S.p.A.,"{'id': '3', 'name': 'Comuni', 'subscribersCount': 3693}",PagoPa S.p.A.,"[{'id': '1', 'name': 'Altre Pubbliche Amministrazioni locali', 'subscribersCount': 6}, {'id': '2', 'name': 'Aziende sanitarie locali e Strutture di ricovero', 'subscribersCount': 2}, {'id': '3', 'name': 'Comuni', 'subscribersCount': 3693}, {'id': '5', 'name': 'Province e Città Metropolitane', 'subscribersCount': 1}, {'id': '6', 'name': 'Altre Pubbliche Amministrazioni Centrali', 'subscribersCount': 2}, {'id': '9', 'name': 'Stazioni Appaltanti e Gestori di pubblici servizi', 'subscribersCount': 9}]"
0,Totale,"{'producerName': 'PagoPa S.p.A.', 'macroCategories': [{'id': '1', 'name': 'Altre Pubbliche Amministrazioni locali', 'subscribersCount': 6}, {'id': '2', 'name': 'Aziende sanitarie locali e Strutture di ricovero', 'subscribersCount': 2}, {'id': '3', 'name': 'Comuni', 'subscribersCount': 3693}, {'id': '5', 'name': 'Province e Città Metropolitane', 'subscribersCount': 1}, {'id': '6', 'name': 'Altre Pubbliche Amministrazioni Centrali', 'subscribersCount': 2}, {'id': '9', 'name': 'Stazioni Appaltanti e Gestori di pubblici servizi', 'subscribersCount': 9}]}",PagoPa S.p.A.,"{'id': '5', 'name': 'Province e Città Metropolitane', 'subscribersCount': 1}",PagoPa S.p.A.,"[{'id': '1', 'name': 'Altre Pubbliche Amministrazioni locali', 'subscribersCount': 6}, {'id': '2', 'name': 'Aziende sanitarie locali e Strutture di ricovero', 'subscribersCount': 2}, {'id': '3', 'name': 'Comuni', 'subscribersCount': 3693}, {'id': '5', 'name': 'Province e Città Metropolitane', 'subscribersCount': 1}, {'id': '6', 'name': 'Altre Pubbliche Amministrazioni Centrali', 'subscribersCount': 2}, {'id': '9', 'name': 'Stazioni Appaltanti e Gestori di pubblici servizi', 'subscribersCount': 9}]"
0,Totale,"{'producerName': 'PagoPa S.p.A.', 'macroCategories': [{'id': '1', 'name': 'Altre Pubbliche Amministrazioni locali', 'subscribersCount': 6}, {'id': '2', 'name': 'Aziende sanitarie locali e Strutture di ricovero', 'subscribersCount': 2}, {'id': '3', 'name': 'Comuni', 'subscribersCount': 3693}, {'id': '5', 'name': 'Province e Città Metropolitane', 'subscribersCount': 1}, {'id': '6', 'name': 'Altre Pubbliche Amministrazioni Centrali', 'subscribersCount': 2}, {'id': '9', 'name': 'Stazioni Appaltanti e Gestori di pubblici servizi', 'subscribersCount': 9}]}",PagoPa S.p.A.,"{'id': '6', 'name': 'Altre Pubbliche Amministrazioni Centrali', 'subscribersCount': 2}",PagoPa S.p.A.,"[{'id': '1', 'name': 'Altre Pubbliche Amministrazioni locali', 'subscribersCount': 6}, {'id': '2', 'name': 'Aziende sanitarie locali e Strutture di ricovero', 'subscribersCount': 2}, {'id': '3', 'name': 'Comuni', 'subscribersCount': 3693}, {'id': '5', 'name': 'Province e Città Metropolitane', 'subscribersCount': 1}, {'id': '6', 'name': 'Altre Pubbliche Amministrazioni Centrali', 'subscribersCount': 2}, {'id': '9', 'name': 'Stazioni Appaltanti e Gestori di pubblici servizi', 'subscribersCount': 9}]"
0,Totale,"{'producerName': 'PagoPa S.p.A.', 'macroCategories': [{'id': '1', 'name': 'Altre Pubbliche Amministrazioni locali', 'subscribersCount': 6}, {'id': '2', 'name': 'Aziende sanitarie locali e Strutture di ricovero', 'subscribersCount': 2}, {'id': '3', 'name': 'Comuni', 'subscribersCount': 3693}, {'id': '5', 'name': 'Province e Città Metropolitane', 'subscribersCount': 1}, {'id': '6', 'name': 'Altre Pubbliche Amministrazioni Centrali', 'subscribersCount': 2}, {'id': '9', 'name': 'Stazioni Appaltanti e Gestori di pubblici servizi', 'subscribersCount': 9}]}",PagoPa S.p.A.,"{'id': '9', 'name': 'Stazioni Appaltanti e Gestori di pubblici servizi', 'subscribersCount': 9}",PagoPa S.p.A.,"[{'id': '1', 'name': 'Altre Pubbliche Amministrazioni locali', 'subscribersCount': 6}, {'id': '2', 'name': 'Aziende sanitarie locali e Strutture di ricovero', 'subscribersCount': 2}, {'id': '3', 'name': 'Comuni', 'subscribersCount': 3693}, {'id': '5', 'name': 'Province e Città Metropolitane', 'subscribersCount': 1}, {'id': '6', 'name': 'Altre Pubbliche Amministrazioni Centrali', 'subscribersCount': 2}, {'id': '9', 'name': 'Stazioni Appaltanti e Gestori di pubblici servizi', 'subscribersCount': 9}]"
0,Totale,"{'producerName': 'Istituto Nazionale Previdenza Sociale - INPS', 'macroCategories': [{'id': '1', 'name': 'Altre Pubbliche Amministrazioni locali', 'subscribersCount': 4}, {'id': '10', 'name': 'Università e AFAM', 'subscribersCount': 1}, {'id': '12', 'name': 'Pubbliche Amministrazioni Centrali', 'subscribersCount': 1}, {'id': '3', 'name': 'Comuni', 'subscribersCount': 24}, {'id': '7', 'name': 'Regioni e Province Autonome', 'subscribersCount': 3}]}",Istituto Nazionale Previdenza Sociale - INPS,"{'id': '1', 'name': 'Altre Pubbliche Amministrazioni locali', 'subscribersCount': 4}",Istituto Nazionale Previdenza Sociale - INPS,"[{'id': '1', 'name': 'Altre Pubbliche Amministrazioni locali', 'subscribersCount': 4}, {'id': '10', 'name': 'Università e AFAM', 'subscribersCount': 1}, {'id': '12', 'name': 'Pubbliche Amministrazioni Centrali', 'subscribersCount': 1}, {'id': '3', 'name': 'Comuni', 'subscribersCount': 24}, {'id': '7', 'name': 'Regioni e Province Autonome', 'subscribersCount': 3}]"
0,Totale,"{'producerName': 'Istituto Nazionale Previdenza Sociale - INPS', 'macroCategories': [{'id': '1', 'name': 'Altre Pubbliche Amministrazioni locali', 'subscribersCount': 4}, {'id': '10', 'name': 'Università e AFAM', 'subscribersCount': 1}, {'id': '12', 'name': 'Pubbliche Amministrazioni Centrali', 'subscribersCount': 1}, {'id': '3', 'name': 'Comuni', 'subscribersCount': 24}, {'id': '7', 'name': 'Regioni e Province Autonome', 'subscribersCount': 3}]}",Istituto Nazionale Previdenza Sociale - INPS,"{'id': '10', 'name': 'Università e AFAM', 'subscribersCount': 1}",Istituto Nazionale Previdenza Sociale - INPS,"[{'id': '1', 'name': 'Altre Pubbliche Amministrazioni locali', 'subscribersCount': 4}, {'id': '10', 'name': 'Università e AFAM', 'subscribersCount': 1}, {'id': '12', 'name': 'Pubbliche Amministrazioni Centrali', 'subscribersCount': 1}, {'id': '3', 'name': 'Comuni', 'subscribersCount': 24}, {'id': '7', 'name': 'Regioni e Province Autonome', 'subscribersCount': 3}]"
0,Totale,"{'producerName': 'Istituto Nazionale Previdenza Sociale - INPS', 'macroCategories': [{'id': '1', 'name': 'Altre Pubbliche Amministrazioni locali', 'subscribersCount': 4}, {'id': '10', 'name': 'Università e AFAM', 'subscribersCount': 1}, {'id': '12', 'name': 'Pubbliche Amministrazioni Centrali', 'subscribersCount': 1}, {'id': '3', 'name': 'Comuni', 'subscribersCount': 24}, {'id': '7', 'name': 'Regioni e Province Autonome', 'subscribersCount': 3}]}",Istituto Nazionale Previdenza Sociale - INPS,"{'id': '12', 'name': 'Pubbliche Amministrazioni Centrali', 'subscribersCount': 1}",Istituto Nazionale Previdenza Sociale - INPS,"[{'id': '1', 'name': 'Altre Pubbliche Amministrazioni locali', 'subscribersCount': 4}, {'id': '10', 'name': 'Università e AFAM', 'subscribersCount': 1}, {'id': '12', 'name': 'Pubbliche Amministrazioni Centrali', 'subscribersCount': 1}, {'id': '3', 'name': 'Comuni', 'subscribersCount': 24}, {'id': '7', 'name': 'Regioni e Province Autonome', 'subscribersCount': 3}]"
0,Totale,"{'producerName': 'Istituto Nazionale Previdenza Sociale - INPS', 'macroCategories': [{'id': '1', 'name': 'Altre Pubbliche Amministrazioni locali', 'subscribersCount': 4}, {'id': '10', 'name': 'Università e AFAM', 'subscribersCount': 1}, {'id': '12', 'name': 'Pubbliche Amministrazioni Centrali', 'subscribersCount': 1}, {'id': '3', 'name': 'Comuni', 'subscribersCount': 24}, {'id': '7', 'name': 'Regioni e Province Autonome', 'subscribersCount': 3}]}",Istituto Nazionale Previdenza Sociale - INPS,"{'id': '3', 'name': 'Comuni', 'subscribersCount': 24}",Istituto Nazionale Previdenza Sociale - INPS,"[{'id': '1', 'name': 'Altre Pubbliche Amministrazioni locali', 'subscribersCount': 4}, {'id': '10', 'name': 'Università e AFAM', 'subscribersCount': 1}, {'id': '12', 'name': 'Pubbliche Amministrazioni Centrali', 'subscribersCount': 1}, {'id': '3', 'name': 'Comuni', 'subscribersCount': 24}, {'id': '7', 'name': 'Regioni e Province Autonome', 'subscribersCount': 3}]"
0,Totale,"{'producerName': 'Istituto Nazionale Previdenza Sociale - INPS', 'macroCategories': [{'id': '1', 'name': 'Altre Pubbliche Amministrazioni locali', 'subscribersCount': 4}, {'id': '10', 'name': 'Università e AFAM', 'subscribersCount': 1}, {'id': '12', 'name': 'Pubbliche Amministrazioni Centrali', 'subscribersCount': 1}, {'id': '3', 'name': 'Comuni', 'subscribersCount': 24}, {'id': '7', 'name': 'Regioni e Province Autonome', 'subscribersCount': 3}]}",Istituto Nazionale Previdenza Sociale - INPS,"{'id': '7', 'name': 'Regioni e Province Autonome', 'subscribersCount': 3}",Istituto Nazionale Previdenza Sociale - INPS,"[{'id': '1', 'name': 'Altre Pubbliche Amministrazioni locali', 'subscribersCount': 4}, {'id': '10', 'name': 'Università e AFAM', 'subscribersCount': 1}, {'id': '12', 'name': 'Pubbliche Amministrazioni Centrali', 'subscribersCount': 1}, {'id': '3', 'name': 'Comuni', 'subscribersCount': 24}, {'id': '7', 'name': 'Regioni e Province Autonome', 'subscribersCount': 3}]"
0,Totale,"{'producerName': ""Agenzia per L'Italia Digitale"", 'macroCategories': [{'id': '1', 'name': 'Altre Pubbliche Amministrazioni locali', 'subscribersCount': 27}, {'id': '12', 'name': 'Pubbliche Amministrazioni Centrali', 'subscribersCount': 12}, {'id': '2', 'name': 'Aziende sanitarie locali e Strutture di ricovero', 'subscribersCount': 10}, {'id': '3', 'name': 'Comuni', 'subscribersCount': 316}, {'id': '4', 'name': 'Enti Nazionali di Previdenza ed Assistenza Sociale', 'subscribersCount': 2}, {'id': '5', 'name': 'Province e Città Metropolitane', 'subscribersCount': 19}, {'id': '6', 'name': 'Altre Pubbliche Amministrazioni Centrali', 'subscribersCount': 3}, {'id': '7', 'name': 'Regioni e Province Autonome', 'subscribersCount': 15}, {'id': '9', 'name': 'Stazioni Appaltanti e Gestori di pubblici servizi', 'subscribersCount': 18}]}",Agenzia per L'Italia Digitale,"{'id': '1', 'name': 'Altre Pubbliche Amministrazioni locali', 'subscribersCount': 27}",Agenzia per L'Italia Digitale,"[{'id': '1', 'name': 'Altre Pubbliche Amministrazioni locali', 'subscribersCount': 27}, {'id': '12', 'name': 'Pubbliche Amministrazioni Centrali', 'subscribersCount': 12}, {'id': '2', 'name': 'Aziende sanitarie locali e Strutture di ricovero', 'subscribersCount': 10}, {'id': '3', 'name': 'Comuni', 'subscribersCount': 316}, {'id': '4', 'name': 'Enti Nazionali di Previdenza ed Assistenza Sociale', 'subscribersCount': 2}, {'id': '5', 'name': 'Province e Città Metropolitane', 'subscribersCount': 19}, {'id': '6', 'name': 'Altre Pubbliche Amministrazioni Centrali', 'subscribersCount': 3}, {'id': '7', 'name': 'Regioni e Province Autonome', 'subscribersCount': 15}, {'id': '9', 'name': 'Stazioni Appaltanti e Gestori di pubblici servizi', 'subscribersCount': 18}]"
0,Totale,"{'producerName': ""Agenzia per L'Italia Digitale"", 'macroCategories': [{'id': '1', 'name': 'Altre Pubbliche Amministrazioni locali', 'subscribersCount': 27}, {'id': '12', 'name': 'Pubbliche Amministrazioni Centrali', 'subscribersCount': 12}, {'id': '2', 'name': 'Aziende sanitarie locali e Strutture di ricovero', 'subscribersCount': 10}, {'id': '3', 'name': 'Comuni', 'subscribersCount': 316}, {'id': '4', 'name': 'Enti Nazionali di Previdenza ed Assistenza Sociale', 'subscribersCount': 2}, {'id': '5', 'name': 'Province e Città Metropolitane', 'subscribersCount': 19}, {'id': '6', 'name': 'Altre Pubbliche Amministrazioni Centrali', 'subscribersCount': 3}, {'id': '7', 'name': 'Regioni e Province Autonome', 'subscribersCount': 15}, {'id': '9', 'name': 'Stazioni Appaltanti e Gestori di pubblici servizi', 'subscribersCount': 18}]}",Agenzia per L'Italia Digitale,"{'id': '12', 'name': 'Pubbliche Amministrazioni Centrali', 'subscribersCount': 12}",Agenzia per L'Italia Digitale,"[{'id': '1', 'name': 'Altre Pubbliche Amministrazioni locali', 'subscribersCount': 27}, {'id': '12', 'name': 'Pubbliche Amministrazioni Centrali', 'subscribersCount': 12}, {'id': '2', 'name': 'Aziende sanitarie locali e Strutture di ricovero', 'subscribersCount': 10}, {'id': '3', 'name': 'Comuni', 'subscribersCount': 316}, {'id': '4', 'name': 'Enti Nazionali di Previdenza ed Assistenza Sociale', 'subscribersCount': 2}, {'id': '5', 'name': 'Province e Città Metropolitane', 'subscribersCount': 19}, {'id': '6', 'name': 'Altre Pubbliche Amministrazioni Centrali', 'subscribersCount': 3}, {'id': '7', 'name': 'Regioni e Province Autonome', 'subscribersCount': 15}, {'id': '9', 'name': 'Stazioni Appaltanti e Gestori di pubblici servizi', 'subscribersCount': 18}]"
0,Totale,"{'producerName': ""Agenzia per L'Italia Digitale"", 'macroCategories': [{'id': '1', 'name': 'Altre Pubbliche Amministrazioni locali', 'subscribersCount': 27}, {'id': '12', 'name': 'Pubbliche Amministrazioni Centrali', 'subscribersCount': 12}, {'id': '2', 'name': 'Aziende sanitarie locali e Strutture di ricovero', 'subscribersCount': 10}, {'id': '3', 'name': 'Comuni', 'subscribersCount': 316}, {'id': '4', 'name': 'Enti Nazionali di Previdenza ed Assistenza Sociale', 'subscribersCount': 2}, {'id': '5', 'name': 'Province e Città Metropolitane', 'subscribersCount': 19}, {'id': '6', 'name': 'Altre Pubbliche Amministrazioni Centrali', 'subscribersCount': 3}, {'id': '7', 'name': 'Regioni e Province Autonome', 'subscribersCount': 15}, {'id': '9', 'name': 'Stazioni Appaltanti e Gestori di pubblici servizi', 'subscribersCount': 18}]}",Agenzia per L'Italia Digitale,"{'id': '2', 'name': 'Aziende sanitarie locali e Strutture di ricovero', 'subscribersCount': 10}",Agenzia per L'Italia Digitale,"[{'id': '1', 'name': 'Altre Pubbliche Amministrazioni locali', 'subscribersCount': 27}, {'id': '12', 'name': 'Pubbliche Amministrazioni Centrali', 'subscribersCount': 12}, {'id': '2', 'name': 'Aziende sanitarie locali e Strutture di ricovero', 'subscribersCount': 10}, {'id': '3', 'name': 'Comuni', 'subscribersCount': 316}, {'id': '4', 'name': 'Enti Nazionali di Previdenza ed Assistenza Sociale', 'subscribersCount': 2}, {'id': '5', 'name': 'Province e Città Metropolitane', 'subscribersCount': 19}, {'id': '6', 'name': 'Altre Pubbliche Amministrazioni Centrali', 'subscribersCount': 3}, {'id': '7', 'name': 'Regioni e Province Autonome', 'subscribersCount': 15}, {'id': '9', 'name': 'Stazioni Appaltanti e Gestori di pubblici servizi', 'subscribersCount': 18}]"
0,Totale,"{'producerName': ""Agenzia per L'Italia Digitale"", 'macroCategories': [{'id': '1', 'name': 'Altre Pubbliche Amministrazioni locali', 'subscribersCount': 27}, {'id': '12', 'name': 'Pubbliche Amministrazioni Centrali', 'subscribersCount': 12}, {'id': '2', 'name': 'Aziende sanitarie locali e Strutture di ricovero', 'subscribersCount': 10}, {'id': '3', 'name': 'Comuni', 'subscribersCount': 316}, {'id': '4', 'name': 'Enti Nazionali di Previdenza ed Assistenza Sociale', 'subscribersCount': 2}, {'id': '5', 'name': 'Province e Città Metropolitane', 'subscribersCount': 19}, {'id': '6', 'name': 'Altre Pubbliche Amministrazioni Centrali', 'subscribersCount': 3}, {'id': '7', 'name': 'Regioni e Province Autonome', 'subscribersCount': 15}, {'id': '9', 'name': 'Stazioni Appaltanti e Gestori di pubblici servizi', 'subscribersCount': 18}]}",Agenzia per L'Italia Digitale,"{'id': '3', 'name': 'Comuni', 'subscribersCount': 316}",Agenzia per L'Italia Digitale,"[{'id': '1', 'name': 'Altre Pubbliche Amministrazioni locali', 'subscribersCount': 27}, {'id': '12', 'name': 'Pubbliche Amministrazioni Centrali', 'subscribersCount': 12}, {'id': '2', 'name': 'Aziende sanitarie locali e Strutture di ricovero', 'subscribersCount': 10}, {'id': '3', 'name': 'Comuni', 'subscribersCount': 316}, {'id': '4', 'name': 'Enti Nazionali di Previdenza ed Assistenza Sociale', 'subscribersCount': 2}, {'id': '5', 'name': 'Province e Città Metropolitane', 'subscribersCount': 19}, {'id': '6', 'name': 'Altre Pubbliche Amministrazioni Centrali', 'subscribersCount': 3}, {'id': '7', 'name': 'Regioni e Province Autonome', 'subscribersCount': 15}, {'id': '9', 'name': 'Stazioni Appaltanti e Gestori di pubblici servizi', 'subscribersCount': 18}]"
0,Totale,"{'producerName': ""Agenzia per L'Italia Digitale"", 'macroCategories': [{'id': '1', 'name': 'Altre Pubbliche Amministrazioni locali', 'subscribersCount': 27}, {'id': '12', 'name': 'Pubbliche Amministrazioni Centrali', 'subscribersCount': 12}, {'id': '2', 'name': 'Aziende sanitarie locali e Strutture di ricovero', 'subscribersCount': 10}, {'id': '3', 'name': 'Comuni', 'subscribersCount': 316}, {'id': '4', 'name': 'Enti Nazionali di Previdenza ed Assistenza Sociale', 'subscribersCount': 2}, {'id': '5', 'name': 'Province e Città Metropolitane', 'subscribersCount': 19}, {'id': '6', 'name': 'Altre Pubbliche Amministrazioni Centrali', 'subscribersCount': 3}, {'id': '7', 'name': 'Regioni e Province Autonome', 'subscribersCount': 15}, {'id': '9', 'name': 'Stazioni Appaltanti e Gestori di pubblici servizi', 'subscribersCount': 18}]}",Agenzia per L'Italia Digitale,"{'id': '4', 'name': 'Enti Nazionali di Previdenza ed Assistenza Sociale', 'subscribersCount': 2}",Agenzia per L'Italia Digitale,"[{'id': '1', 'name': 'Altre Pubbliche Amministrazioni locali', 'subscribersCount': 27}, {'id': '12', 'name': 'Pubbliche Amministrazioni Centrali', 'subscribersCount': 12}, {'id': '2', 'name': 'Aziende sanitarie locali e Strutture di ricovero', 'subscribersCount': 10}, {'id': '3', 'name': 'Comuni', 'subscribersCount': 316}, {'id': '4', 'name': 'Enti Nazionali di Previdenza ed Assistenza Sociale', 'subscribersCount': 2}, {'id': '5', 'name': 'Province e Città Metropolitane', 'subscribersCount': 19}, {'id': '6', 'name': 'Altre Pubbliche Amministrazioni Centrali', 'subscribersCount': 3}, {'id': '7', 'name': 'Regioni e Province Autonome', 'subscribersCount': 15}, {'id': '9', 'name': 'Stazioni Appaltanti e Gestori di pubblici servizi', 'subscribersCount': 18}]"
0,Totale,"{'producerName': ""Agenzia per L'Italia Digitale"", 'macroCategories': [{'id': '1', 'name': 'Altre Pubbliche Amministrazioni locali', 'subscribersCount': 27}, {'id': '12', 'name': 'Pubbliche Amministrazioni Centrali', 'subscribersCount': 12}, {'id': '2', 'name': 'Aziende sanitarie locali e Strutture di ricovero', 'subscribersCount': 10}, {'id': '3', 'name': 'Comuni', 'subscribersCount': 316}, {'id': '4', 'name': 'Enti Nazionali di Previdenza ed Assistenza Sociale', 'subscribersCount': 2}, {'id': '5', 'name': 'Province e Città Metropolitane', 'subscribersCount': 19}, {'id': '6', 'name': 'Altre Pubbliche Amministrazioni Centrali', 'subscribersCount': 3}, {'id': '7', 'name': 'Regioni e Province Autonome', 'subscribersCount': 15}, {'id': '9', 'name': 'Stazioni Appaltanti e Gestori di pubblici servizi', 'subscribersCount': 18}]}",Agenzia per L'Italia Digitale,"{'id': '5', 'name': 'Province e Città Metropolitane', 'subscribersCount': 19}",Agenzia per L'Italia Digitale,"[{'id': '1', 'name': 'Altre Pubbliche Amministrazioni locali', 'subscribersCount': 27}, {'id': '12', 'name': 'Pubbliche Amministrazioni Centrali', 'subscribersCount': 12}, {'id': '2', 'name': 'Aziende sanitarie locali e Strutture di ricovero', 'subscribersCount': 10}, {'id': '3', 'name': 'Comuni', 'subscribersCount': 316}, {'id': '4', 'name': 'Enti Nazionali di Previdenza ed Assistenza Sociale', 'subscribersCount': 2}, {'id': '5', 'name': 'Province e Città Metropolitane', 'subscribersCount': 19}, {'id': '6', 'name': 'Altre Pubbliche Amministrazioni Centrali', 'subscribersCount': 3}, {'id': '7', 'name': 'Regioni e Province Autonome', 'subscribersCount': 15}, {'id': '9', 'name': 'Stazioni Appaltanti e Gestori di pubblici servizi', 'subscribersCount': 18}]"
0,Totale,"{'producerName': ""Agenzia per L'Italia Digitale"", 'macroCategories': [{'id': '1', 'name': 'Altre Pubbliche Amministrazioni locali', 'subscribersCount': 27}, {'id': '12', 'name': 'Pubbliche Amministrazioni Centrali', 'subscribersCount': 12}, {'id': '2', 'name': 'Aziende sanitarie locali e Strutture di ricovero', 'subscribersCount': 10}, {'id': '3', 'name': 'Comuni', 'subscribersCount': 316}, {'id': '4', 'name': 'Enti Nazionali di Previdenza ed Assistenza Sociale', 'subscribersCount': 2}, {'id': '5', 'name': 'Province e Città Metropolitane', 'subscribersCount': 19}, {'id': '6', 'name': 'Altre Pubbliche Amministrazioni Centrali', 'subscribersCount': 3}, {'id': '7', 'name': 'Regioni e Province Autonome', 'subscribersCount': 15}, {'id': '9', 'name': 'Stazioni Appaltanti e Gestori di pubblici servizi', 'subscribersCount': 18}]}",Agenzia per L'Italia Digitale,"{'id': '6', 'name': 'Altre Pubbliche Amministrazioni Centrali', 'subscribersCount': 3}",Agenzia per L'Italia Digitale,"[{'id': '1', 'name': 'Altre Pubbliche Amministrazioni locali', 'subscribersCount': 27}, {'id': '12', 'name': 'Pubbliche Amministrazioni Centrali', 'subscribersCount': 12}, {'id': '2', 'name': 'Aziende sanitarie locali e Strutture di ricovero', 'subscribersCount': 10}, {'id': '3', 'name': 'Comuni', 'subscribersCount': 316}, {'id': '4', 'name': 'Enti Nazionali di Previdenza ed Assistenza Sociale', 'subscribersCount': 2}, {'id': '5', 'name': 'Province e Città Metropolitane', 'subscribersCount': 19}, {'id': '6', 'name': 'Altre Pubbliche Amministrazioni Centrali', 'subscribersCount': 3}, {'id': '7', 'name': 'Regioni e Province Autonome', 'subscribersCount': 15}, {'id': '9', 'name': 'Stazioni Appaltanti e Gestori di pubblici servizi', 'subscribersCount': 18}]"
0,Totale,"{'producerName': ""Agenzia per L'Italia Digitale"", 'macroCategories': [{'id': '1', 'name': 'Altre Pubbliche Amministrazioni locali', 'subscribersCount': 27}, {'id': '12', 'name': 'Pubbliche Amministrazioni Centrali', 'subscribersCount': 12}, {'id': '2', 'name': 'Aziende sanitarie locali e Strutture di ricovero', 'subscribersCount': 10}, {'id': '3', 'name': 'Comuni', 'subscribersCount': 316}, {'id': '4', 'name': 'Enti Nazionali di Previdenza ed Assistenza Sociale', 'subscribersCount': 2}, {'id': '5', 'name': 'Province e Città Metropolitane', 'subscribersCount': 19}, {'id': '6', 'name': 'Altre Pubbliche Amministrazioni Centrali', 'subscribersCount': 3}, {'id': '7', 'name': 'Regioni e Province Autonome', 'subscribersCount': 15}, {'id': '9', 'name': 'Stazioni Appaltanti e Gestori di pubblici servizi', 'subscribersCount': 18}]}",Agenzia per L'Italia Digitale,"{'id': '7', 'name': 'Regioni e Province Autonome', 'subscribersCount': 15}",Agenzia per L'Italia Digitale,"[{'id': '1', 'name': 'Altre Pubbliche Amministrazioni locali', 'subscribersCount': 27}, {'id': '12', 'name': 'Pubbliche Amministrazioni Centrali', 'subscribersCount': 12}, {'id': '2', 'name': 'Aziende sanitarie locali e Strutture di ricovero', 'subscribersCount': 10}, {'id': '3', 'name': 'Comuni', 'subscribersCount': 316}, {'id': '4', 'name': 'Enti Nazionali di Previdenza ed Assistenza Sociale', 'subscribersCount': 2}, {'id': '5', 'name': 'Province e Città Metropolitane', 'subscribersCount': 19}, {'id': '6', 'name': 'Altre Pubbliche Amministrazioni Centrali', 'subscribersCount': 3}, {'id': '7', 'name': 'Regioni e Province Autonome', 'subscribersCount': 15}, {'id': '9', 'name': 'Stazioni Appaltanti e Gestori di pubblici servizi', 'subscribersCount': 18}]"
0,Totale,"{'producerName': ""Agenzia per L'Italia Digitale"", 'macroCategories': [{'id': '1', 'name': 'Altre Pubbliche Amministrazioni locali', 'subscribersCount': 27}, {'id': '12', 'name': 'Pubbliche Amministrazioni Centrali', 'subscribersCount': 12}, {'id': '2', 'name': 'Aziende sanitarie locali e Strutture di ricovero', 'subscribersCount': 10}, {'id': '3', 'name': 'Comuni', 'subscribersCount': 316}, {'id': '4', 'name': 'Enti Nazionali di Previdenza ed Assistenza Sociale', 'subscribersCount': 2}, {'id': '5', 'name': 'Province e Città Metropolitane', 'subscribersCount': 19}, {'id': '6', 'name': 'Altre Pubbliche Amministrazioni Centrali', 'subscribersCount': 3}, {'id': '7', 'name': 'Regioni e Province Autonome', 'subscribersCount': 15}, {'id': '9', 'name': 'Stazioni Appaltanti e Gestori di pubblici servizi', 'subscribersCount': 18}]}",Agenzia per L'Italia Digitale,"{'id': '9', 'name': 'Stazioni Appaltanti e Gestori di pubblici servizi', 'subscribersCount': 18}",Agenzia per L'Italia Digitale,"[{'id': '1', 'name': 'Altre Pubbliche Amministrazioni locali', 'subscribersCount': 27}, {'id': '12', 'name': 'Pubbliche Amministrazioni Centrali', 'subscribersCount': 12}, {'id': '2', 'name': 'Aziende sanitarie locali e Strutture di ricovero', 'subscribersCount': 10}, {'id': '3', 'name': 'Comuni', 'subscribersCount': 316}, {'id': '4', 'name': 'Enti Nazionali di Previdenza ed Assistenza Sociale', 'subscribersCount': 2}, {'id': '5', 'name': 'Province e Città Metropolitane', 'subscribersCount': 19}, {'id': '6', 'name': 'Altre Pubbliche Amministrazioni Centrali', 'subscribersCount': 3}, {'id': '7', 'name': 'Regioni e Province Autonome', 'subscribersCount': 15}, {'id': '9', 'name': 'Stazioni Appaltanti e Gestori di pubblici servizi', 'subscribersCount': 18}]"
0,Totale,"{'producerName': 'Consiglio Nazionale Forense', 'macroCategories': [{'id': '12', 'name': 'Pubbliche Amministrazioni Centrali', 'subscribersCount': 1}, {'id': '3', 'name': 'Comuni', 'subscribersCount': 1}, {'id': '6', 'name': 'Altre Pubbliche Amministrazioni Centrali', 'subscribersCount': 1}]}",Consiglio Nazionale Forense,"{'id': '12', 'name': 'Pubbliche Amministrazioni Centrali', 'subscribersCount': 1}",Consiglio Nazionale Forense,"[{'id': '12', 'name': 'Pubbliche Amministrazioni Centrali', 'subscribersCount': 1}, {'id': '3', 'name': 'Comuni', 'subscribersCount': 1}, {'id': '6', 'name': 'Altre Pubbliche Amministrazioni Centrali', 'subscribersCount': 1}]"
0,Totale,"{'producerName': 'Consiglio Nazionale Forense', 'macroCategories': [{'id': '12', 'name': 'Pubbliche Amministrazioni Centrali', 'subscribersCount': 1}, {'id': '3', 'name': 'Comuni', 'subscribersCount': 1}, {'id': '6', 'name': 'Altre Pubbliche Amministrazioni Centrali', 'subscribersCount': 1}]}",Consiglio Nazionale Forense,"{'id': '3', 'name': 'Comuni', 'subscribersCount': 1}",Consiglio Nazionale Forense,"[{'id': '12', 'name': 'Pubbliche Amministrazioni Centrali', 'subscribersCount': 1}, {'id': '3', 'name': 'Comuni', 'subscribersCount': 1}, {'id': '6', 'name': 'Altre Pubbliche Amministrazioni Centrali', 'subscribersCount': 1}]"
0,Totale,"{'producerName': 'Consiglio Nazionale Forense', 'macroCategories': [{'id': '12', 'name': 'Pubbliche Amministrazioni Centrali', 'subscribersCount': 1}, {'id': '3', 'name': 'Comuni', 'subscribersCount': 1}, {'id': '6', 'name': 'Altre Pubbliche Amministrazioni Centrali', 'subscribersCount': 1}]}",Consiglio Nazionale Forense,"{'id': '6', 'name': 'Altre Pubbliche Amministrazioni Centrali', 'subscribersCount': 1}",Consiglio Nazionale Forense,"[{'id': '12', 'name': 'Pubbliche Amministrazioni Centrali', 'subscribersCount': 1}, {'id': '3', 'name': 'Comuni', 'subscribersCount': 1}, {'id': '6', 'name': 'Altre Pubbliche Amministrazioni Centrali', 'subscribersCount': 1}]"
0,Totale,"{'producerName': 'Agenzia delle Entrate', 'macroCategories': [{'id': '1', 'name': 'Altre Pubbliche Amministrazioni locali', 'subscribersCount': 1}, {'id': '12', 'name': 'Pubbliche Amministrazioni Centrali', 'subscribersCount': 4}, {'id': '3', 'name': 'Comuni', 'subscribersCount': 1}, {'id': '7', 'name': 'Regioni e Province Autonome', 'subscribersCount': 5}, {'id': '9', 'name': 'Stazioni Appaltanti e Gestori di pubblici servizi', 'subscribersCount': 1}]}",Agenzia delle Entrate,"{'id': '1', 'name': 'Altre Pubbliche Amministrazioni locali', 'subscribersCount': 1}",Agenzia delle Entrate,"[{'id': '1', 'name': 'Altre Pubbliche Amministrazioni locali', 'subscribersCount': 1}, {'id': '12', 'name': 'Pubbliche Amministrazioni Centrali', 'subscribersCount': 4}, {'id': '3', 'name': 'Comuni', 'subscribersCount': 1}, {'id': '7', 'name': 'Regioni e Province Autonome', 'subscribersCount': 5}, {'id': '9', 'name': 'Stazioni Appaltanti e Gestori di pubblici servizi', 'subscribersCount': 1}]"
0,Totale,"{'producerName': 'Agenzia delle Entrate', 'macroCategories': [{'id': '1', 'name': 'Altre Pubbliche Amministrazioni locali', 'subscribersCount': 1}, {'id': '12', 'name': 'Pubbliche Amministrazioni Centrali', 'subscribersCount': 4}, {'id': '3', 'name': 'Comuni', 'subscribersCount': 1}, {'id': '7', 'name': 'Regioni e Province Autonome', 'subscribersCount': 5}, {'id': '9', 'name': 'Stazioni Appaltanti e Gestori di pubblici servizi', 'subscribersCount': 1}]}",Agenzia delle Entrate,"{'id': '12', 'name': 'Pubbliche Amministrazioni Centrali', 'subscribersCount': 4}",Agenzia delle Entrate,"[{'id': '1', 'name': 'Altre Pubbliche Amministrazioni locali', 'subscribersCount': 1}, {'id': '12', 'name': 'Pubbliche Amministrazioni Centrali', 'subscribersCount': 4}, {'id': '3', 'name': 'Comuni', 'subscribersCount': 1}, {'id': '7', 'name': 'Regioni e Province Autonome', 'subscribersCount': 5}, {'id': '9', 'name': 'Stazioni Appaltanti e Gestori di pubblici servizi', 'subscribersCount': 1}]"
0,Totale,"{'producerName': 'Agenzia delle Entrate', 'macroCategories': [{'id': '1', 'name': 'Altre Pubbliche Amministrazioni locali', 'subscribersCount': 1}, {'id': '12', 'name': 'Pubbliche Amministrazioni Centrali', 'subscribersCount': 4}, {'id': '3', 'name': 'Comuni', 'subscribersCount': 1}, {'id': '7', 'name': 'Regioni e Province Autonome', 'subscribersCount': 5}, {'id': '9', 'name': 'Stazioni Appaltanti e Gestori di pubblici servizi', 'subscribersCount': 1}]}",Agenzia delle Entrate,"{'id': '3', 'name': 'Comuni', 'subscribersCount': 1}",Agenzia delle Entrate,"[{'id': '1', 'name': 'Altre Pubbliche Amministrazioni locali', 'subscribersCount': 1}, {'id': '12', 'name': 'Pubbliche Amministrazioni Centrali', 'subscribersCount': 4}, {'id': '3', 'name': 'Comuni', 'subscribersCount': 1}, {'id': '7', 'name': 'Regioni e Province Autonome', 'subscribersCount': 5}, {'id': '9', 'name': 'Stazioni Appaltanti e Gestori di pubblici servizi', 'subscribersCount': 1}]"
0,Totale,"{'producerName': 'Agenzia delle Entrate', 'macroCategories': [{'id': '1', 'name': 'Altre Pubbliche Amministrazioni locali', 'subscribersCount': 1}, {'id': '12', 'name': 'Pubbliche Amministrazioni Centrali', 'subscribersCount': 4}, {'id': '3', 'name': 'Comuni', 'subscribersCount': 1}, {'id': '7', 'name': 'Regioni e Province Autonome', 'subscribersCount': 5}, {'id': '9', 'name': 'Stazioni Appaltanti e Gestori di pubblici servizi', 'subscribersCount': 1}]}",Agenzia delle Entrate,"{'id': '7', 'name': 'Regioni e Province Autonome', 'subscribersCount': 5}",Agenzia delle Entrate,"[{'id': '1', 'name': 'Altre Pubbliche Amministrazioni locali', 'subscribersCount': 1}, {'id': '12', 'name': 'Pubbliche Amministrazioni Centrali', 'subscribersCount': 4}, {'id': '3', 'name': 'Comuni', 'subscribersCount': 1}, {'id': '7', 'name': 'Regioni e Province Autonome', 'subscribersCount': 5}, {'id': '9', 'name': 'Stazioni Appaltanti e Gestori di pubblici servizi', 'subscribersCount': 1}]"
0,Totale,"{'producerName': 'Agenzia delle Entrate', 'macroCategories': [{'id': '1', 'name': 'Altre Pubbliche Amministrazioni locali', 'subscribersCount': 1}, {'id': '12', 'name': 'Pubbliche Amministrazioni Centrali', 'subscribersCount': 4}, {'id': '3', 'name': 'Comuni', 'subscribersCount': 1}, {'id': '7', 'name': 'Regioni e Province Autonome', 'subscribersCount': 5}, {'id': '9', 'name': 'Stazioni Appaltanti e Gestori di pubblici servizi', 'subscribersCount': 1}]}",Agenzia delle Entrate,"{'id': '9', 'name': 'Stazioni Appaltanti e Gestori di pubblici servizi', 'subscribersCount': 1}",Agenzia delle Entrate,"[{'id': '1', 'name': 'Altre Pubbliche Amministrazioni locali', 'subscribersCount': 1}, {'id': '12', 'name': 'Pubbliche Amministrazioni Centrali', 'subscribersCount': 4}, {'id': '3', 'name': 'Comuni', 'subscribersCount': 1}, {'id': '7', 'name': 'Regioni e Province Autonome', 'subscribersCount': 5}, {'id': '9', 'name': 'Stazioni Appaltanti e Gestori di pubblici servizi', 'subscribersCount': 1}]"
0,Totale,"{'producerName': ""Autorita' Nazionale Anticorruzione - A.N.AC."", 'macroCategories': [{'id': '1', 'name': 'Altre Pubbliche Amministrazioni locali', 'subscribersCount': 5}, {'id': '11', 'name': 'Enti privati', 'subscribersCount': 16}, {'id': '12', 'name': 'Pubbliche Amministrazioni Centrali', 'subscribersCount': 3}, {'id': '2', 'name': 'Aziende sanitarie locali e Strutture di ricovero', 'subscribersCount': 1}, {'id': '3', 'name': 'Comuni', 'subscribersCount': 14}, {'id': '5', 'name': 'Province e Città Metropolitane', 'subscribersCount': 3}, {'id': '6', 'name': 'Altre Pubbliche Amministrazioni Centrali', 'subscribersCount': 3}, {'id': '7', 'name': 'Regioni e Province Autonome', 'subscribersCount': 9}, {'id': '8', 'name': 'Scuole', 'subscribersCount': 4}, {'id': '9', 'name': 'Stazioni Appaltanti e Gestori di pubblici servizi', 'subscribersCount': 11}]}",Autorita' Nazionale Anticorruzione - A.N.AC.,"{'id': '1', 'name': 'Altre Pubbliche Amministrazioni locali', 'subscribersCount': 5}",Autorita' Nazionale Anticorruzione - A.N.AC.,"[{'id': '1', 'name': 'Altre Pubbliche Amministrazioni locali', 'subscribersCount': 5}, {'id': '11', 'name': 'Enti privati', 'subscribersCount': 16}, {'id': '12', 'name': 'Pubbliche Amministrazioni Centrali', 'subscribersCount': 3}, {'id': '2', 'name': 'Aziende sanitarie locali e Strutture di ricovero', 'subscribersCount': 1}, {'id': '3', 'name': 'Comuni', 'subscribersCount': 14}, {'id': '5', 'name': 'Province e Città Metropolitane', 'subscribersCount': 3}, {'id': '6', 'name': 'Altre Pubbliche Amministrazioni Centrali', 'subscribersCount': 3}, {'id': '7', 'name': 'Regioni e Province Autonome', 'subscribersCount': 9}, {'id': '8', 'name': 'Scuole', 'subscribersCount': 4}, {'id': '9', 'name': 'Stazioni Appaltanti e Gestori di pubblici servizi', 'subscribersCount': 11}]"
0,Totale,"{'producerName': ""Autorita' Nazionale Anticorruzione - A.N.AC."", 'macroCategories': [{'id': '1', 'name': 'Altre Pubbliche Amministrazioni locali', 'subscribersCount': 5}, {'id': '11', 'name': 'Enti privati', 'subscribersCount': 16}, {'id': '12', 'name': 'Pubbliche Amministrazioni Centrali', 'subscribersCount': 3}, {'id': '2', 'name': 'Aziende sanitarie locali e Strutture di ricovero', 'subscribersCount': 1}, {'id': '3', 'name': 'Comuni', 'subscribersCount': 14}, {'id': '5', 'name': 'Province e Città Metropolitane', 'subscribersCount': 3}, {'id': '6', 'name': 'Altre Pubbliche Amministrazioni Centrali', 'subscribersCount': 3}, {'id': '7', 'name': 'Regioni e Province Autonome', 'subscribersCount': 9}, {'id': '8', 'name': 'Scuole', 'subscribersCount': 4}, {'id': '9', 'name': 'Stazioni Appaltanti e Gestori di pubblici servizi', 'subscribersCount': 11}]}",Autorita' Nazionale Anticorruzione - A.N.AC.,"{'id': '11', 'name': 'Enti privati', 'subscribersCount': 16}",Autorita' Nazionale Anticorruzione - A.N.AC.,"[{'id': '1', 'name': 'Altre Pubbliche Amministrazioni locali', 'subscribersCount': 5}, {'id': '11', 'name': 'Enti privati', 'subscribersCount': 16}, {'id': '12', 'name': 'Pubbliche Amministrazioni Centrali', 'subscribersCount': 3}, {'id': '2', 'name': 'Aziende sanitarie locali e Strutture di ricovero', 'subscribersCount': 1}, {'id': '3', 'name': 'Comuni', 'subscribersCount': 14}, {'id': '5', 'name': 'Province e Città Metropolitane', 'subscribersCount': 3}, {'id': '6', 'name': 'Altre Pubbliche Amministrazioni Centrali', 'subscribersCount': 3}, {'id': '7', 'name': 'Regioni e Province Autonome', 'subscribersCount': 9}, {'id': '8', 'name': 'Scuole', 'subscribersCount': 4}, {'id': '9', 'name': 'Stazioni Appaltanti e Gestori di pubblici servizi', 'subscribersCount': 11}]"
0,Totale,"{'producerName': ""Autorita' Nazionale Anticorruzione - A.N.AC."", 'macroCategories': [{'id': '1', 'name': 'Altre Pubbliche Amministrazioni locali', 'subscribersCount': 5}, {'id': '11', 'name': 'Enti privati', 'subscribersCount': 16}, {'id': '12', 'name': 'Pubbliche Amministrazioni Centrali', 'subscribersCount': 3}, {'id': '2', 'name': 'Aziende sanitarie locali e Strutture di ricovero', 'subscribersCount': 1}, {'id': '3', 'name': 'Comuni', 'subscribersCount': 14}, {'id': '5', 'name': 'Province e Città Metropolitane', 'subscribersCount': 3}, {'id': '6', 'name': 'Altre Pubbliche Amministrazioni Centrali', 'subscribersCount': 3}, {'id': '7', 'name': 'Regioni e Province Autonome', 'subscribersCount': 9}, {'id': '8', 'name': 'Scuole', 'subscribersCount': 4}, {'id': '9', 'name': 'Stazioni Appaltanti e Gestori di pubblici servizi', 'subscribersCount': 11}]}",Autorita' Nazionale Anticorruzione - A.N.AC.,"{'id': '12', 'name': 'Pubbliche Amministrazioni Centrali', 'subscribersCount': 3}",Autorita' Nazionale Anticorruzione - A.N.AC.,"[{'id': '1', 'name': 'Altre Pubbliche Amministrazioni locali', 'subscribersCount': 5}, {'id': '11', 'name': 'Enti privati', 'subscribersCount': 16}, {'id': '12', 'name': 'Pubbliche Amministrazioni Centrali', 'subscribersCount': 3}, {'id': '2', 'name': 'Aziende sanitarie locali e Strutture di ricovero', 'subscribersCount': 1}, {'id': '3', 'name': 'Comuni', 'subscribersCount': 14}, {'id': '5', 'name': 'Province e Città Metropolitane', 'subscribersCount': 3}, {'id': '6', 'name': 'Altre Pubbliche Amministrazioni Centrali', 'subscribersCount': 3}, {'id': '7', 'name': 'Regioni e Province Autonome', 'subscribersCount': 9}, {'id': '8', 'name': 'Scuole', 'subscribersCount': 4}, {'id': '9', 'name': 'Stazioni Appaltanti e Gestori di pubblici servizi', 'subscribersCount': 11}]"
0,Totale,"{'producerName': ""Autorita' Nazionale Anticorruzione - A.N.AC."", 'macroCategories': [{'id': '1', 'name': 'Altre Pubbliche Amministrazioni locali', 'subscribersCount': 5}, {'id': '11', 'name': 'Enti privati', 'subscribersCount': 16}, {'id': '12', 'name': 'Pubbliche Amministrazioni Centrali', 'subscribersCount': 3}, {'id': '2', 'name': 'Aziende sanitarie locali e Strutture di ricovero', 'subscribersCount': 1}, {'id': '3', 'name': 'Comuni', 'subscribersCount': 14}, {'id': '5', 'name': 'Province e Città Metropolitane', 'subscribersCount': 3}, {'id': '6', 'name': 'Altre Pubbliche Amministrazioni Centrali', 'subscribersCount': 3}, {'id': '7', 'name': 'Regioni e Province Autonome', 'subscribersCount': 9}, {'id': '8', 'name': 'Scuole', 'subscribersCount': 4}, {'id': '9', 'name': 'Stazioni Appaltanti e Gestori di pubblici servizi', 'subscribersCount': 11}]}",Autorita' Nazionale Anticorruzione - A.N.AC.,"{'id': '2', 'name': 'Aziende sanitarie locali e Strutture di ricovero', 'subscribersCount': 1}",Autorita' Nazionale Anticorruzione - A.N.AC.,"[{'id': '1', 'name': 'Altre Pubbliche Amministrazioni locali', 'subscribersCount': 5}, {'id': '11', 'name': 'Enti privati', 'subscribersCount': 16}, {'id': '12', 'name': 'Pubbliche Amministrazioni Centrali', 'subscribersCount': 3}, {'id': '2', 'name': 'Aziende sanitarie locali e Strutture di ricovero', 'subscribersCount': 1}, {'id': '3', 'name': 'Comuni', 'subscribersCount': 14}, {'id': '5', 'name': 'Province e Città Metropolitane', 'subscribersCount': 3}, {'id': '6', 'name': 'Altre Pubbliche Amministrazioni Centrali', 'subscribersCount': 3}, {'id': '7', 'name': 'Regioni e Province Autonome', 'subscribersCount': 9}, {'id': '8', 'name': 'Scuole', 'subscribersCount': 4}, {'id': '9', 'name': 'Stazioni Appaltanti e Gestori di pubblici servizi', 'subscribersCount': 11}]"
0,Totale,"{'producerName': ""Autorita' Nazionale Anticorruzione - A.N.AC."", 'macroCategories': [{'id': '1', 'name': 'Altre Pubbliche Amministrazioni locali', 'subscribersCount': 5}, {'id': '11', 'name': 'Enti privati', 'subscribersCount': 16}, {'id': '12', 'name': 'Pubbliche Amministrazioni Centrali', 'subscribersCount': 3}, {'id': '2', 'name': 'Aziende sanitarie locali e Strutture di ricovero', 'subscribersCount': 1}, {'id': '3', 'name': 'Comuni', 'subscribersCount': 14}, {'id': '5', 'name': 'Province e Città Metropolitane', 'subscribersCount': 3}, {'id': '6', 'name': 'Altre Pubbliche Amministrazioni Centrali', 'subscribersCount': 3}, {'id': '7', 'name': 'Regioni e Province Autonome', 'subscribersCount': 9}, {'id': '8', 'name': 'Scuole', 'subscribersCount': 4}, {'id': '9', 'name': 'Stazioni Appaltanti e Gestori di pubblici servizi', 'subscribersCount': 11}]}",Autorita' Nazionale Anticorruzione - A.N.AC.,"{'id': '3', 'name': 'Comuni', 'subscribersCount': 14}",Autorita' Nazionale Anticorruzione - A.N.AC.,"[{'id': '1', 'name': 'Altre Pubbliche Amministrazioni locali', 'subscribersCount': 5}, {'id': '11', 'name': 'Enti privati', 'subscribersCount': 16}, {'id': '12', 'name': 'Pubbliche Amministrazioni Centrali', 'subscribersCount': 3}, {'id': '2', 'name': 'Aziende sanitarie locali e Strutture di ricovero', 'subscribersCount': 1}, {'id': '3', 'name': 'Comuni', 'subscribersCount': 14}, {'id': '5', 'name': 'Province e Città Metropolitane', 'subscribersCount': 3}, {'id': '6', 'name': 'Altre Pubbliche Amministrazioni Centrali', 'subscribersCount': 3}, {'id': '7', 'name': 'Regioni e Province Autonome', 'subscribersCount': 9}, {'id': '8', 'name': 'Scuole', 'subscribersCount': 4}, {'id': '9', 'name': 'Stazioni Appaltanti e Gestori di pubblici servizi', 'subscribersCount': 11}]"
0,Totale,"{'producerName': ""Autorita' Nazionale Anticorruzione - A.N.AC."", 'macroCategories': [{'id': '1', 'name': 'Altre Pubbliche Amministrazioni locali', 'subscribersCount': 5}, {'id': '11', 'name': 'Enti privati', 'subscribersCount': 16}, {'id': '12', 'name': 'Pubbliche Amministrazioni Centrali', 'subscribersCount': 3}, {'id': '2', 'name': 'Aziende sanitarie locali e Strutture di ricovero', 'subscribersCount': 1}, {'id': '3', 'name': 'Comuni', 'subscribersCount': 14}, {'id': '5', 'name': 'Province e Città Metropolitane', 'subscribersCount': 3}, {'id': '6', 'name': 'Altre Pubbliche Amministrazioni Centrali', 'subscribersCount': 3}, {'id': '7', 'name': 'Regioni e Province Autonome', 'subscribersCount': 9}, {'id': '8', 'name': 'Scuole', 'subscribersCount': 4}, {'id': '9', 'name': 'Stazioni Appaltanti e Gestori di pubblici servizi', 'subscribersCount': 11}]}",Autorita' Nazionale Anticorruzione - A.N.AC.,"{'id': '5', 'name': 'Province e Città Metropolitane', 'subscribersCount': 3}",Autorita' Nazionale Anticorruzione - A.N.AC.,"[{'id': '1', 'name': 'Altre Pubbliche Amministrazioni locali', 'subscribersCount': 5}, {'id': '11', 'name': 'Enti privati', 'subscribersCount': 16}, {'id': '12', 'name': 'Pubbliche Amministrazioni Centrali', 'subscribersCount': 3}, {'id': '2', 'name': 'Aziende sanitarie locali e Strutture di ricovero', 'subscribersCount': 1}, {'id': '3', 'name': 'Comuni', 'subscribersCount': 14}, {'id': '5', 'name': 'Province e Città Metropolitane', 'subscribersCount': 3}, {'id': '6', 'name': 'Altre Pubbliche Amministrazioni Centrali', 'subscribersCount': 3}, {'id': '7', 'name': 'Regioni e Province Autonome', 'subscribersCount': 9}, {'id': '8', 'name': 'Scuole', 'subscribersCount': 4}, {'id': '9', 'name': 'Stazioni Appaltanti e Gestori di pubblici servizi', 'subscribersCount': 11}]"
0,Totale,"{'producerName': ""Autorita' Nazionale Anticorruzione - A.N.AC."", 'macroCategories': [{'id': '1', 'name': 'Altre Pubbliche Amministrazioni locali', 'subscribersCount': 5}, {'id': '11', 'name': 'Enti privati', 'subscribersCount': 16}, {'id': '12', 'name': 'Pubbliche Amministrazioni Centrali', 'subscribersCount': 3}, {'id': '2', 'name': 'Aziende sanitarie locali e Strutture di ricovero', 'subscribersCount': 1}, {'id': '3', 'name': 'Comuni', 'subscribersCount': 14}, {'id': '5', 'name': 'Province e Città Metropolitane', 'subscribersCount': 3}, {'id': '6', 'name': 'Altre Pubbliche Amministrazioni Centrali', 'subscribersCount': 3}, {'id': '7', 'name': 'Regioni e Province Autonome', 'subscribersCount': 9}, {'id': '8', 'name': 'Scuole', 'subscribersCount': 4}, {'id': '9', 'name': 'Stazioni Appaltanti e Gestori di pubblici servizi', 'subscribersCount': 11}]}",Autorita' Nazionale Anticorruzione - A.N.AC.,"{'id': '6', 'name': 'Altre Pubbliche Amministrazioni Centrali', 'subscribersCount': 3}",Autorita' Nazionale Anticorruzione - A.N.AC.,"[{'id': '1', 'name': 'Altre Pubbliche Amministrazioni locali', 'subscribersCount': 5}, {'id': '11', 'name': 'Enti privati', 'subscribersCount': 16}, {'id': '12', 'name': 'Pubbliche Amministrazioni Centrali', 'subscribersCount': 3}, {'id': '2', 'name': 'Aziende sanitarie locali e Strutture di ricovero', 'subscribersCount': 1}, {'id': '3', 'name': 'Comuni', 'subscribersCount': 14}, {'id': '5', 'name': 'Province e Città Metropolitane', 'subscribersCount': 3}, {'id': '6', 'name': 'Altre Pubbliche Amministrazioni Centrali', 'subscribersCount': 3}, {'id': '7', 'name': 'Regioni e Province Autonome', 'subscribersCount': 9}, {'id': '8', 'name': 'Scuole', 'subscribersCount': 4}, {'id': '9', 'name': 'Stazioni Appaltanti e Gestori di pubblici servizi', 'subscribersCount': 11}]"
0,Totale,"{'producerName': ""Autorita' Nazionale Anticorruzione - A.N.AC."", 'macroCategories': [{'id': '1', 'name': 'Altre Pubbliche Amministrazioni locali', 'subscribersCount': 5}, {'id': '11', 'name': 'Enti privati', 'subscribersCount': 16}, {'id': '12', 'name': 'Pubbliche Amministrazioni Centrali', 'subscribersCount': 3}, {'id': '2', 'name': 'Aziende sanitarie locali e Strutture di ricovero', 'subscribersCount': 1}, {'id': '3', 'name': 'Comuni', 'subscribersCount': 14}, {'id': '5', 'name': 'Province e Città Metropolitane', 'subscribersCount': 3}, {'id': '6', 'name': 'Altre Pubbliche Amministrazioni Centrali', 'subscribersCount': 3}, {'id': '7', 'name': 'Regioni e Province Autonome', 'subscribersCount': 9}, {'id': '8', 'name': 'Scuole', 'subscribersCount': 4}, {'id': '9', 'name': 'Stazioni Appaltanti e Gestori di pubblici servizi', 'subscribersCount': 11}]}",Autorita' Nazionale Anticorruzione - A.N.AC.,"{'id': '7', 'name': 'Regioni e Province Autonome', 'subscribersCount': 9}",Autorita' Nazionale Anticorruzione - A.N.AC.,"[{'id': '1', 'name': 'Altre Pubbliche Amministrazioni locali', 'subscribersCount': 5}, {'id': '11', 'name': 'Enti privati', 'subscribersCount': 16}, {'id': '12', 'name': 'Pubbliche Amministrazioni Centrali', 'subscribersCount': 3}, {'id': '2', 'name': 'Aziende sanitarie locali e Strutture di ricovero', 'subscribersCount': 1}, {'id': '3', 'name': 'Comuni', 'subscribersCount': 14}, {'id': '5', 'name': 'Province e Città Metropolitane', 'subscribersCount': 3}, {'id': '6', 'name': 'Altre Pubbliche Amministrazioni Centrali', 'subscribersCount': 3}, {'id': '7', 'name': 'Regioni e Province Autonome', 'subscribersCount': 9}, {'id': '8', 'name': 'Scuole', 'subscribersCount': 4}, {'id': '9', 'name': 'Stazioni Appaltanti e Gestori di pubblici servizi', 'subscribersCount': 11}]"
0,Totale,"{'producerName': ""Autorita' Nazionale Anticorruzione - A.N.AC."", 'macroCategories': [{'id': '1', 'name': 'Altre Pubbliche Amministrazioni locali', 'subscribersCount': 5}, {'id': '11', 'name': 'Enti privati', 'subscribersCount': 16}, {'id': '12', 'name': 'Pubbliche Amministrazioni Centrali', 'subscribersCount': 3}, {'id': '2', 'name': 'Aziende sanitarie locali e Strutture di ricovero', 'subscribersCount': 1}, {'id': '3', 'name': 'Comuni', 'subscribersCount': 14}, {'id': '5', 'name': 'Province e Città Metropolitane', 'subscribersCount': 3}, {'id': '6', 'name': 'Altre Pubbliche Amministrazioni Centrali', 'subscribersCount': 3}, {'id': '7', 'name': 'Regioni e Province Autonome', 'subscribersCount': 9}, {'id': '8', 'name': 'Scuole', 'subscribersCount': 4}, {'id': '9', 'name': 'Stazioni Appaltanti e Gestori di pubblici servizi', 'subscribersCount': 11}]}",Autorita' Nazionale Anticorruzione - A.N.AC.,"{'id': '8', 'name': 'Scuole', 'subscribersCount': 4}",Autorita' Nazionale Anticorruzione - A.N.AC.,"[{'id': '1', 'name': 'Altre Pubbliche Amministrazioni locali', 'subscribersCount': 5}, {'id': '11', 'name': 'Enti privati', 'subscribersCount': 16}, {'id': '12', 'name': 'Pubbliche Amministrazioni Centrali', 'subscribersCount': 3}, {'id': '2', 'name': 'Aziende sanitarie locali e Strutture di ricovero', 'subscribersCount': 1}, {'id': '3', 'name': 'Comuni', 'subscribersCount': 14}, {'id': '5', 'name': 'Province e Città Metropolitane', 'subscribersCount': 3}, {'id': '6', 'name': 'Altre Pubbliche Amministrazioni Centrali', 'subscribersCount': 3}, {'id': '7', 'name': 'Regioni e Province Autonome', 'subscribersCount': 9}, {'id': '8', 'name': 'Scuole', 'subscribersCount': 4}, {'id': '9', 'name': 'Stazioni Appaltanti e Gestori di pubblici servizi', 'subscribersCount': 11}]"
0,Totale,"{'producerName': ""Autorita' Nazionale Anticorruzione - A.N.AC."", 'macroCategories': [{'id': '1', 'name': 'Altre Pubbliche Amministrazioni locali', 'subscribersCount': 5}, {'id': '11', 'name': 'Enti privati', 'subscribersCount': 16}, {'id': '12', 'name': 'Pubbliche Amministrazioni Centrali', 'subscribersCount': 3}, {'id': '2', 'name': 'Aziende sanitarie locali e Strutture di ricovero', 'subscribersCount': 1}, {'id': '3', 'name': 'Comuni', 'subscribersCount': 14}, {'id': '5', 'name': 'Province e Città Metropolitane', 'subscribersCount': 3}, {'id': '6', 'name': 'Altre Pubbliche Amministrazioni Centrali', 'subscribersCount': 3}, {'id': '7', 'name': 'Regioni e Province Autonome', 'subscribersCount': 9}, {'id': '8', 'name': 'Scuole', 'subscribersCount': 4}, {'id': '9', 'name': 'Stazioni Appaltanti e Gestori di pubblici servizi', 'subscribersCount': 11}]}",Autorita' Nazionale Anticorruzione - A.N.AC.,"{'id': '9', 'name': 'Stazioni Appaltanti e Gestori di pubblici servizi', 'subscribersCount': 11}",Autorita' Nazionale Anticorruzione - A.N.AC.,"[{'id': '1', 'name': 'Altre Pubbliche Amministrazioni locali', 'subscribersCount': 5}, {'id': '11', 'name': 'Enti privati', 'subscribersCount': 16}, {'id': '12', 'name': 'Pubbliche Amministrazioni Centrali', 'subscribersCount': 3}, {'id': '2', 'name': 'Aziende sanitarie locali e Strutture di ricovero', 'subscribersCount': 1}, {'id': '3', 'name': 'Comuni', 'subscribersCount': 14}, {'id': '5', 'name': 'Province e Città Metropolitane', 'subscribersCount': 3}, {'id': '6', 'name': 'Altre Pubbliche Amministrazioni Centrali', 'subscribersCount': 3}, {'id': '7', 'name': 'Regioni e Province Autonome', 'subscribersCount': 9}, {'id': '8', 'name': 'Scuole', 'subscribersCount': 4}, {'id': '9', 'name': 'Stazioni Appaltanti e Gestori di pubblici servizi', 'subscribersCount': 11}]"
